YEAR,MONTH,DAY,RAINFALL,TMAX,TMIN,RH,WIND_SPEED,WIND_DIRECTION
2018,1,1,0,30.2,24.2,70,3,70
2018,1,2,0,29.4,24.2,68,4,70
2018,1,3,0,30.4,24.4,75,2,70
2018,1,4,0,30.9,25,81,3,60
2018,1,5,0,32.1,26.7,78,4,60
2018,1,6,0,32.2,24.9,67,3,60
2018,1,7,0,32,24.5,84,2,50
2018,1,8,0,32.5,25.1,85,2,40
2018,1,9,0,33,24.9,77,3,60
2018,1,10,0,31.8,25.6,79,2,70
2018,1,11,0,29.4,24.7,66,2,70
2018,1,12,0,29.8,23.3,61,3,70
2018,1,13,0,30.4,23.1,61,4,70
2018,1,14,0,30.4,23.2,72,2,70
2018,1,15,0,31.9,24.3,64,2,70
2018,1,16,10.5,30.5,23.8,81,2,70
2018,1,17,-1,29.2,24.3,92,2,60
2018,1,18,2,33,24.4,82,2,60
2018,1,19,0,30.8,24.6,75,3,70
2018,1,20,0,32.9,24.2,72,2,70
2018,1,21,-1,31.5,24.5,80,2,50
2018,1,22,-1,32.1,24.2,85,2,60
2018,1,23,-1,31.8,23.6,77,2,50
2018,1,24,1.5,28.7,24,92,2,70
2018,1,25,0,32.5,24,77,3,60
2018,1,26,8,32,23.9,82,2,280
2018,1,27,2.5,27.5,24.7,99,2,70
2018,1,28,-1,28.4,23.6,86,3,70
2018,1,29,0,31.4,24.7,76,2,60
2018,1,30,0.5,31.2,24.1,77,2,70
2018,1,31,0,28.7,23.3,86,2,60
2018,2,1,0,31.2,24.7,82,3,60
2018,2,2,0,30.6,23.8,75,2,280
2018,2,3,-1,30.8,23.1,75,2,70
2018,2,4,0,29.9,24,73,3,10
2018,2,5,0,29.2,22.9,79,4,10
2018,2,6,0,29.6,22.4,72,2,70
2018,2,7,0,29.2,23.2,81,2,300
2018,2,8,0,28.4,21.5,77,2,290
2018,2,9,-1,30.1,24.8,76,2,310
2018,2,10,-1,30,24.8,82,1,290
2018,2,11,-1,30.4,25.7,89,2,60
2018,2,12,0,30.9,25.1,78,2,60
2018,2,13,0,31.4,23.9,68,3,70
2018,2,14,0,29.2,25.2,81,1,280
2018,2,15,0,32.9,24.8,79,3,60
2018,2,16,0,33.2,26,79,2,60
2018,2,17,0,33.5,24.3,73,3,60
2018,2,18,0,33.1,23.1,72,3,70
2018,2,19,0,33.3,24.1,61,3,60
2018,2,20,0,33.3,25.8,67,3,60
2018,2,21,0,33.1,26.2,69,3,60
2018,2,22,0,33.5,23.1,66,3,60
2018,2,23,0,32.7,23.1,64,4,60
2018,2,24,0,33.7,24.8,59,3,70
2018,2,25,0,32.8,24.4,65,2,60
2018,2,26,0,33.9,25.8,71,3,60
2018,2,27,-1,31.8,24.5,80,3,70
2018,2,28,0,33.9,25.8,76,2,50
2018,3,1,0,33.9,26.8,72,4,70
2018,3,2,0,33.7,25.7,69,4,110
2018,3,3,0,33.7,25.6,72,3,110
2018,3,4,0,34.2,26.1,68,5,110
2018,3,5,0,33.6,26.5,65,4,110
2018,3,6,0,34.3,25.3,68,4,110
2018,3,7,0,33.8,26,70,3,110
2018,3,8,10.5,31.9,22.7,79,2,110
2018,3,9,-1,30.2,23.8,88,3,130
2018,3,10,0,31,23.3,69,4,80
2018,3,11,0,31.5,22.7,63,4,100
2018,3,12,0,31.8,23.4,68,3,110
2018,3,13,0,32.7,25,67,4,110
2018,3,14,0,32.9,23.7,61,3,130
2018,3,15,0,33.2,25.4,63,3,130
2018,3,16,0,33.7,25.8,70,3,110
2018,3,17,0,33.5,26.1,68,4,110
2018,3,18,0,33.8,24.1,69,4,120
2018,3,19,0,33.5,24.1,69,3,120
2018,3,20,0,34.8,25.9,64,3,120
2018,3,21,17,33.3,23.2,75,3,280
2018,3,22,0,30.6,24.9,74,3,100
2018,3,23,0,30.7,24.7,63,5,80
2018,3,24,0,31.1,22.4,59,4,100
2018,3,25,0,31.4,23.2,60,4,110
2018,3,26,0,31.7,24.7,64,3,100
2018,3,27,0,31.1,23,71,2,130
2018,3,28,0,33.3,25.3,70,3,130
2018,3,29,1,32.9,24.1,68,2,130
2018,3,30,-1,32.5,23.6,75,2,10
2018,3,31,0,31.1,24.6,74,3,110
2018,4,1,0,32.3,24.4,64,3,120
2018,4,2,0,33.5,25.5,69,3,110
2018,4,3,0,32.8,25.4,71,3,110
2018,4,4,-1,31.4,26.2,72,4,110
2018,4,5,-1,31.5,23.8,70,3,100
2018,4,6,0,33.8,25.6,61,4,130
2018,4,7,-1,34,24.7,62,4,100
2018,4,8,-1,33.4,25.4,63,4,70
2018,4,9,0,33,25.1,71,3,110
2018,4,10,0,34.9,26.1,70,4,110
2018,4,11,0,34.5,27.2,67,4,110
2018,4,12,0,34.7,26.3,68,4,100
2018,4,13,0,34.9,26.9,69,4,110
2018,4,14,0,34.7,27.4,66,5,110
2018,4,15,0,35.4,26.9,62,4,120
2018,4,16,0,35.1,26.5,62,4,110
2018,4,17,0,35.1,25.8,55,4,130
2018,4,18,0,34.1,24.5,63,4,110
2018,4,19,0,35,26,59,4,120
2018,4,20,0,35.1,26.6,61,4,110
2018,4,21,0,35.5,27.2,66,3,140
2018,4,22,0,34.8,26.7,66,4,100
2018,4,23,0,35.2,26.5,62,4,110
2018,4,24,0,36,27.4,60,3,230
2018,4,25,0,35.2,27.3,65,3,140
2018,4,26,0,36,26,61,4,110
2018,4,27,0,35.7,27.3,58,4,110
2018,4,28,0,35.9,26.8,62,4,310
2018,4,29,0,35.7,28.1,65,3,110
2018,4,30,0,36.3,27.1,61,3,110
2018,5,1,0,35.6,27.4,64,4,110
2018,5,2,0,36.3,26.6,61,4,110
2018,5,3,0,36.2,28,60,4,110
2018,5,4,0,34.8,27.7,62,4,110
2018,5,5,0,30.5,26.1,79,3,110
2018,5,6,0,36.1,27.4,67,3,110
2018,5,7,0,36.8,27.6,63,3,120
2018,5,8,2.5,35.7,25.4,79,4,110
2018,5,9,0,36.7,26.9,63,3,120
2018,5,10,0,35.5,26.1,61,3,110
2018,5,11,0,35.4,25.9,65,3,110
2018,5,12,0,36.3,26.7,65,3,120
2018,5,13,0,36,27.9,62,3,130
2018,5,14,0,36.8,29.4,57,4,100
2018,5,15,-1,36.4,27.7,67,3,120
2018,5,16,0,36.5,27.2,70,4,110
2018,5,17,0,36.8,27.1,59,3,130
2018,5,18,0,36.4,28,60,4,130
2018,5,19,-1,36,27.4,60,4,110
2018,5,20,0,36.4,27.4,60,3,110
2018,5,21,0,36.5,26.8,64,3,110
2018,5,22,0,37,27,65,2,130
2018,5,23,-1,36.9,28.2,60,4,110
2018,5,24,0,36.4,27.6,62,4,110
2018,5,25,1,37.1,27.1,72,3,90
2018,5,26,0,37.2,26.5,62,3,90
2018,5,27,0,37.2,28.8,64,3,100
2018,5,28,0,37.2,27.9,60,3,130
2018,5,29,0,36.1,28.1,59,4,110
2018,5,30,0.5,35.8,28.2,64,3,110
2018,5,31,0,35.5,28.4,71,3,110
2018,6,1,0,37.3,28.4,64,4,120
2018,6,2,0.5,34.9,25.4,79,3,130
2018,6,3,-1,32.6,27.7,73,3,250
2018,6,4,0,36.2,28.6,70,3,220
2018,6,5,6,34.6,25.5,79,2,240
2018,6,6,47,32.7,23.6,95,2,210
2018,6,7,-1,31.5,26.4,96,3,230
2018,6,8,36.5,31.1,25.2,95,5,230
2018,6,9,116.5,28.2,24,100,3,230
2018,6,10,22.5,27.1,24.3,100,3,230
2018,6,11,73.5,30.4,24.4,100,4,220
2018,6,12,25,27.5,24.9,100,3,220
2018,6,13,74,28.4,24,100,3,220
2018,6,14,-1,31.8,26,93,3,220
2018,6,15,6,32.2,24.5,87,3,230
2018,6,16,2,31.4,24.6,95,4,240
2018,6,17,-1,31.9,26.3,85,4,230
2018,6,18,0,32.3,27.2,84,4,260
2018,6,19,0,33.2,26.9,80,4,260
2018,6,20,10.5,31.9,25,94,3,270
2018,6,21,36.5,31.1,24,93,3,240
2018,6,22,1,30.8,25.4,96,3,280
2018,6,23,12,34.6,25.7,86,3,110
2018,6,24,-1,33.2,26.6,88,2,270
2018,6,25,10.5,30.9,24.9,95,2,240
2018,6,26,6.5,29.9,25.2,100,2,50
2018,6,27,0.5,33.6,25.7,92,2,230
2018,6,28,0,31.6,26.5,88,3,250
2018,6,29,0,31.9,27,87,5,250
2018,6,30,2.5,30.6,25.7,96,4,250
2018,7,1,0.5,30.9,25.3,97,4,230
2018,7,2,4,30.7,25.1,97,4,250
2018,7,3,0,31.7,26.2,90,5,260
2018,7,4,4.5,31.5,25.6,95,4,260
2018,7,5,0,31.4,26.5,92,4,250
2018,7,6,28,33.7,25.7,96,2,270
2018,7,7,5,31.8,25.1,100,2,60
2018,7,8,5,31.1,25.1,100,2,140
2018,7,9,23,31.7,24.5,100,2,120
2018,7,10,4,30.9,26,98,3,230
2018,7,11,1.5,30.2,25.9,99,3,230
2018,7,12,1,30.5,25.5,97,3,240
2018,7,13,52,32,24.2,92,2,110
2018,7,14,27,32.2,24.8,90,3,210
2018,7,15,26.5,29.5,24.8,99,4,230
2018,7,16,20.5,29.5,24.8,100,4,220
2018,7,17,110.5,27,24.3,100,3,230
2018,7,18,24.5,29.9,24.3,97,4,260
2018,7,19,95,30.2,24.7,100,3,260
2018,7,20,15,30,24.8,97,4,220
2018,7,21,22.5,31.2,24.3,93,5,220
2018,7,22,-999,26.7,24.3,100,4,240
2018,7,23,-999,29.1,25,98,3,260
2018,7,24,-999,29.3,24.5,100,3,250
2018,7,25,0,30,25.5,98,3,250
2018,7,26,-999,29.6,24.6,95,2,210
2018,7,27,-999,28.6,25.2,100,2,220
2018,7,28,-999,30.1,24.4,100,2,230
2018,7,29,0,30.9,26,97,4,250
2018,7,30,0,30.7,26.2,96,4,250
2018,7,31,0,30.9,26.6,94,4,220
2018,8,1,12,31.4,25.6,84,4,230
2018,8,2,0,30.6,26.4,88,4,230
2018,8,3,2,30.1,25.6,80,3,230
2018,8,4,26.5,31.8,24.7,87,2,250
2018,8,5,0.5,31.1,26,92,2,260
2018,8,6,-999,31.1,25.3,95,2,270
2018,8,7,-999,31.8,25.4,89,2,230
2018,8,8,-999,32,25.3,83,3,230
2018,8,9,-999,31,24.7,87,4,240
2018,8,10,-999,29.2,26.4,98,5,230
2018,8,11,63.5,27.8,23.1,98,5,230
2018,8,12,35,29.2,24.7,100,6,230
2018,8,13,25,30.1,24.9,97,6,230
2018,8,14,1,31.6,24.5,92,4,230
2018,8,15,1.5,31.9,26,86,6,250
2018,8,16,114.5,31.7,23.5,92,5,260
2018,8,17,6,30.6,24.1,97,4,250
2018,8,18,-1,28.5,24.9,100,4,220
2018,8,19,15.5,30.5,24.6,100,4,220
2018,8,20,5,30.8,25.4,94,5,230
2018,8,21,-1,31.3,25.9,96,5,230
2018,8,22,1.5,31.1,25.6,90,5,230
2018,8,23,0,31.4,27,91,6,230
2018,8,24,-1,31,27.4,91,7,240
2018,8,25,-1,31.2,27.2,93,5,220
2018,8,26,0,30.4,26.1,92,3,220
2018,8,27,0,32.2,26.5,84,3,270
2018,8,28,0,32.2,25.8,79,3,270
2018,8,29,0,32.2,26.5,74,2,240
2018,8,30,1,31.5,25.7,85,2,280
2018,8,31,40,30.7,24.3,95,2,10
2018,9,1,2,31,25.5,98,2,220
2018,9,2,2,30.9,24.9,100,3,240
2018,9,3,-1,31.4,24.9,92,3,230
2018,9,4,9.5,30.2,24.9,95,4,250
2018,9,5,0,30.5,26.1,94,2,260
2018,9,6,30.5,31.7,24.5,97,2,110
2018,9,7,6,29.4,24.6,97,3,230
2018,9,8,0,30.9,25.8,95,4,250
2018,9,9,0,31.3,25.8,95,3,250
2018,9,10,1,31.3,25.9,95,3,240
2018,9,11,1,30.7,25.9,95,3,250
2018,9,12,3,31.1,26.1,95,3,250
2018,9,13,20,32.2,25.2,90,3,280
2018,9,14,38,29.4,24.1,99,7,230
2018,9,15,7,29.5,25.1,98,4,220
2018,9,16,2.5,31.1,25.5,97,2,100
2018,9,17,-1,31.6,25.3,92,1,40
2018,9,18,0,33.1,26.4,79,2,90
2018,9,19,15,31.9,26,87,2,120
2018,9,20,25,32.9,23.9,87,3,100
2018,9,21,3,33.1,25.1,95,2,30
2018,9,22,-1,32.4,26,80,2,280
2018,9,23,20.5,32.4,24.8,81,2,280
2018,9,24,0,31.8,26.8,87,3,230
2018,9,25,0,32.1,27.4,84,5,250
2018,9,26,49,31.6,24.8,90,3,260
2018,9,27,-1,31.2,26.8,94,4,230
2018,9,28,0,31,26.4,95,3,230
2018,9,29,-1,31.2,25.6,92,4,250
2018,9,30,0,31.5,26.2,94,3,220
2018,10,1,0,32.2,27.2,81,3,280
2018,10,2,31,32.5,23.3,89,1,40
2018,10,3,15.5,33.1,23.7,80,2,110
2018,10,4,0,30.9,26,90,3,220
2018,10,5,0,30.8,25,80,2,220
2018,10,6,0,31.3,26.1,79,2,180
2018,10,7,0,33.7,26.4,79,2,110
2018,10,8,-1,33.3,25.9,75,2,110
2018,10,9,0,34,26.8,75,2,130
2018,10,10,-1,34.2,26.1,72,2,110
2018,10,11,0,34,26.7,73,3,100
2018,10,12,0,34.7,26.1,69,3,110
2018,10,13,0,34.1,27.5,71,3,120
2018,10,14,1,33.7,25.8,84,2,80
2018,10,15,0.5,33,25.1,86,1,160
2018,10,16,-1,33.7,26.3,85,2,50
2018,10,17,3,32.9,25.6,85,2,280
2018,10,18,0,33.9,24.6,73,3,110
2018,10,19,0,33.8,25.9,68,3,110
2018,10,20,4,32.5,25.2,75,2,30
2018,10,21,-1,32.1,25.7,78,2,30
2018,10,22,0,32.9,24.3,69,3,110
2018,10,23,0,33,25.2,67,3,100
2018,10,24,2,31.6,24.7,72,2,100
2018,10,25,0,33.8,25.5,66,2,100
2018,10,26,-1,33.7,26,64,2,130
2018,10,27,0,32.3,26.6,70,2,80
2018,10,28,0.5,32.5,24.8,70,3,150
2018,10,29,-1,30.3,25.1,62,4,270
2018,10,30,23,29,25.3,98,4,160
2018,10,31,-1,33,26.2,85,3,140
2018,11,1,0,34.5,27.1,71,3,110
2018,11,2,0,34.1,25.9,74,3,100
2018,11,3,0,34.4,25.7,74,3,110
2018,11,4,0,34.6,25.5,62,3,90
2018,11,5,-1,33.6,26.3,63,3,60
2018,11,6,-1,33.6,25.9,71,3,100
2018,11,7,4.5,32.6,25,75,3,60
2018,11,8,4,33.7,24.3,63,3,70
2018,11,9,0.5,30.9,25.7,80,3,110
2018,11,10,-1,32.2,24.1,68,3,60
2018,11,11,0,33.5,24.9,64,3,90
2018,11,12,0,31.9,25.5,68,3,130
2018,11,13,0,31.9,24.4,71,3,90
2018,11,14,-1,33,25.3,64,3,110
2018,11,15,0,33.9,24.1,68,4,180
2018,11,16,0,33.3,24.9,64,3,110
2018,11,17,0,32.6,24.6,63,2,130
2018,11,18,-1,32.4,25.3,67,2,100
2018,11,19,0,31.4,25.4,68,4,100
2018,11,20,-1,31.4,27.1,61,3,20
2018,11,21,2,29.8,25.3,90,1,30
2018,11,22,0.5,31.9,25.4,89,2,110
2018,11,23,-1,32.8,24.6,78,2,120
2018,11,24,-1,32.8,25,71,3,110
2018,11,25,-1,32,24.2,74,3,110
2018,11,26,0,33.3,23.8,68,3,120
2018,11,27,0,33,25.3,68,3,110
2018,11,28,0,31.3,24.9,76,2,120
2018,11,29,0,33.6,24.8,67,2,120
2018,11,30,0,32,24.5,70,3,90
2018,12,1,-1,33.1,25.7,66,2,90
2018,12,2,0,32.5,24.2,70,3,100
2018,12,3,0.5,33.9,24.8,59,3,100
2018,12,4,-1,31.6,25.4,78,2,100
2018,12,5,0.5,32.9,23.7,82,2,100
2018,12,6,0,33.5,24.6,67,3,100
2018,12,7,-1,33.8,24.9,68,3,120
2018,12,8,0,33.7,24.8,64,3,80
2018,12,9,-1,32.3,24.2,70,3,80
2018,12,10,0,32.1,25.1,66,5,130
2018,12,11,0,32.8,24.6,74,3,120
2018,12,12,0,34,24.6,63,4,70
2018,12,13,2,29.7,24.2,88,2,50
2018,12,14,13,29.5,24,100,2,360
2018,12,15,-1,32.1,24.3,78,3,20
2018,12,16,-1,30.5,24.9,79,2,10
2018,12,17,0,30.4,23.4,75,2,120
2018,12,18,0,32.4,25.3,65,3,100
2018,12,19,0,31.9,23.3,68,3,110
2018,12,20,0,29.6,23.3,70,2,100
2018,12,21,2,30.8,25.1,83,2,10
2018,12,22,-1,32.1,25.4,81,2,120
2018,12,23,44.5,25.4,23.6,94,1,340
2018,12,24,5.5,27.9,24.2,90,1,20
2018,12,25,0,31.8,25,76,2,120
2018,12,26,0,31.4,25,77,2,100
2018,12,27,-1,30.8,25.8,76,2,140
2018,12,28,19.5,29.1,23.7,84,2,10
2018,12,29,6,25.3,23.7,86,2,330
2018,12,30,15.5,27.8,23,87,2,230
2018,12,31,29,25.1,23.2,95,1,330
2019,1,1,7,31.6,24,82,3,100
2019,1,2,0,32,25,71,3,100
2019,1,3,0,32.3,25,73,4,90
2019,1,4,0,32.8,24.8,65,3,90
2019,1,5,0,32.4,24.8,69,3,100
2019,1,6,0,30.9,23.8,72,3,80
2019,1,7,0,31.6,24,65,3,100
2019,1,8,0,31.3,25,64,3,90
2019,1,9,0,31.3,25,67,3,90
2019,1,10,-1,31.3,25,66,3,40
2019,1,11,-1,31.6,23.8,71,3,100
2019,1,12,0,32.3,25.9,67,3,80
2019,1,13,-1,31.5,25.1,70,2,100
2019,1,14,0,32.4,24.6,58,4,100
2019,1,15,-1,31.8,24.4,66,4,100
2019,1,16,0,32.4,23.6,67,3,100
2019,1,17,0,30.9,24.4,65,2,100
2019,1,18,0,31.4,23.5,63,4,100
2019,1,19,0,32.8,24.8,60,3,90
2019,1,20,0,31.4,24.9,65,3,80
2019,1,21,0,30,24.6,64,2,20
2019,1,22,-1,30.6,25,68,2,110
2019,1,23,0,29.5,25,69,2,50
2019,1,24,0,30,25,71,3,100
2019,1,25,-1,30.1,24.2,72,3,110
2019,1,26,-1,28.3,23.6,72,3,110
2019,1,27,0,28.2,22.7,65,4,90
2019,1,28,0,28.3,23.2,70,4,70
2019,1,29,0,29.8,23.2,64,4,90
2019,1,30,0,30.1,23.6,69,3,100
2019,1,31,0,28.9,23.9,75,3,120
2019,2,1,-1,28.8,24.2,68,4,100
2019,2,2,0,30.7,23.3,68,3,100
2019,2,3,-1,30.9,23.8,70,3,100
2019,2,4,0,30.3,23.2,70,4,100
2019,2,5,0,31,23.2,68,3,130
2019,2,6,0,31.1,23,65,4,130
2019,2,7,0,31.8,23.6,62,3,120
2019,2,8,0,32.1,24.1,66,3,110
2019,2,9,0,31.8,25.2,59,3,110
2019,2,10,-1,29.9,24.9,72,4,90
2019,2,11,0,32.8,24.4,61,5,90
2019,2,12,-1,30.7,24.4,62,4,60
2019,2,13,-1,28.9,23.2,73,2,110
2019,2,14,0,32,23.2,61,4,100
2019,2,15,0,32.3,24.1,62,4,110
2019,2,16,0,31.4,24.1,65,4,120
2019,2,17,0,31.7,24.8,66,4,120
2019,2,18,0,31.8,24.2,64,5,90
2019,2,19,0,31.9,24.2,64,4,270
2019,2,20,0,32.1,24,58,4,100
2019,2,21,0,31.9,24,59,3,130
2019,2,22,0,31.5,24.6,64,3,110
2019,2,23,0,32.5,23.9,63,3,110
2019,2,24,0,31.5,24.2,65,3,120
2019,2,25,0,33.2,24.4,62,3,110
2019,2,26,0,29.9,24,67,4,110
2019,2,27,0,31.1,24.1,62,4,100
2019,2,28,-1,32.7,23.6,64,3,100
2019,3,1,0,31.8,24.2,65,4,110
2019,3,2,0,30.9,23.6,59,3,110
2019,3,3,0,32.1,25,61,2,120
2019,3,4,0,33.3,25.9,62,4,110
2019,3,5,0,32.8,25.3,66,4,110
2019,3,6,0,33.8,26,62,3,120
2019,3,7,0,32.1,26,65,4,130
2019,3,8,0,33.3,25.1,61,4,110
2019,3,9,0,32.7,23.7,65,3,110
2019,3,10,0,32.6,24.3,58,2,180
2019,3,11,0,32.8,25.4,65,3,230
2019,3,12,0,33.8,26.1,66,3,100
2019,3,13,0,33.5,25.7,54,4,130
2019,3,14,0,34.7,26.4,59,3,110
2019,3,15,1.5,32.6,24.2,63,3,100
2019,3,16,0,33.8,25.3,65,4,100
2019,3,17,-1,32,25.6,64,4,100
2019,3,18,0,33,25.5,60,4,100
2019,3,19,0,34.2,25.3,62,4,90
2019,3,20,0,34,25.5,59,5,110
2019,3,21,0,33.5,25.9,59,4,110
2019,3,22,0,35.2,25.5,62,4,120
2019,3,23,0,33.8,26.3,58,4,110
2019,3,24,0,32.4,25.1,58,5,90
2019,3,25,0,33.5,24.7,56,4,110
2019,3,26,0,36.2,26.4,57,4,110
2019,3,27,0,34.5,26.1,57,4,110
2019,3,28,0,34,26.6,63,3,120
2019,3,29,0,33.8,25.9,63,3,50
2019,3,30,0,34.8,25.9,62,4,110
2019,3,31,0,33.6,26.4,58,5,100
2019,4,1,0,34.8,26.1,62,5,110
2019,4,2,0,34.9,26.4,58,4,100
2019,4,3,0,33.9,26.2,57,4,120
2019,4,4,0,34.6,27,59,4,100
2019,4,5,0,34.9,27.2,64,4,140
2019,4,6,0,36.4,27.2,59,3,120
2019,4,7,0,34.9,27.9,65,3,100
2019,4,8,0,35.9,27.8,58,4,110
2019,4,9,12,35.2,24.4,68,4,110
2019,4,10,0,36.4,27.2,63,4,120
2019,4,11,0,33.8,27.4,64,3,130
2019,4,12,0,36.7,28,66,3,120
2019,4,13,0,36.3,28,62,4,110
2019,4,14,0,35.7,28,57,4,110
2019,4,15,0,35.6,27.2,58,3,120
2019,4,16,0,36.3,27.5,58,3,120
2019,4,17,0,36.4,28.8,66,4,90
2019,4,18,2,37.2,28.1,65,3,120
2019,4,19,0,36.3,27.4,57,3,130
2019,4,20,0,35.3,27,56,4,130
2019,4,21,0,35.8,28.6,60,3,110
2019,4,22,0,35.1,27.8,58,5,100
2019,4,23,0,34.8,27.8,58,5,100
2019,4,24,0,36.2,27.5,61,5,100
2019,4,25,0,35.8,27.2,58,4,110
2019,4,26,0,34.8,27.2,58,5,110
2019,4,27,0,35.2,26.5,58,5,90
2019,4,28,0,35.4,26.5,62,4,100
2019,4,29,0,34.1,27,61,4,100
2019,4,30,0,35.4,27.8,63,3,120
2019,5,1,0,35.2,28,69,4,220
2019,5,2,24,35.3,27,68,3,160
2019,5,3,0,35.5,28.6,66,4,260
2019,5,4,0,34.1,27.7,68,4,220
2019,5,5,0,34.3,28,69,5,250
2019,5,6,-1,31.2,26.9,79,5,250
2019,5,7,-1,32.1,27,79,4,210
2019,5,8,21.5,34.8,25.2,79,3,250
2019,5,9,4.5,34.2,26.7,77,4,240
2019,5,10,0,34,27,73,4,250
2019,5,11,0,33.8,27.1,74,3,220
2019,5,12,9.5,34,24.9,78,2,140
2019,5,13,-1,35.4,27.7,73,3,110
2019,5,14,0,35.7,28.3,66,3,110
2019,5,15,5.5,35.4,26.4,75,3,100
2019,5,16,3.5,36.4,28,66,3,220
2019,5,17,-1,33.2,28,78,3,220
2019,5,18,4,33.6,25.2,73,4,250
2019,5,19,0,35,28.9,72,4,230
2019,5,20,0,34.2,28.9,71,4,250
2019,5,21,25,34.8,24.9,74,3,250
2019,5,22,0.5,35.2,27.2,69,3,280
2019,5,23,0,33.6,27.9,75,3,260
2019,5,24,0,35.2,27.9,73,2,110
2019,5,25,0,33.7,27.8,74,2,120
2019,5,26,43.5,34.8,25.2,77,3,120
2019,5,27,0.5,34.8,27,77,2,70
2019,5,28,-1,34.6,27.8,68,2,100
2019,5,29,-1,36.2,28,64,2,130
2019,5,30,0,36.1,28,69,3,100
2019,5,31,-1,35.2,29.1,67,3,110
2019,6,1,-1,35.6,28.9,68,3,120
2019,6,2,0,35.5,28.9,64,4,120
2019,6,3,0,35.9,29.2,63,3,110
2019,6,4,0,36.2,29.1,64,3,100
2019,6,5,0,36.3,28,65,3,100
2019,6,6,0,35.6,28.5,66,4,100
2019,6,7,0,35.1,27.8,66,4,100
2019,6,8,0,36.2,29,63,3,110
2019,6,9,30,36.2,27.7,73,3,80
2019,6,10,8.5,33,27.2,79,2,220
2019,6,11,-1,34.3,26.7,72,4,250
2019,6,12,0,34.5,28,73,3,260
2019,6,13,9,35.2,27,74,4,270
2019,6,14,-1,34.8,26.7,72,5,250
2019,6,15,-1,34.1,27.2,73,3,260
2019,6,16,2,34.8,27.8,72,3,220
2019,6,17,15,35.4,26.7,73,3,90
2019,6,18,0,36.3,28.8,63,4,120
2019,6,19,0,34.5,29,63,3,90
2019,6,20,0.5,36.6,27.9,65,2,120
2019,6,21,-1,35.2,28.4,68,3,160
2019,6,22,-1,35.4,28.2,73,3,280
2019,6,23,-999,34.8,23.8,74,4,250
2019,6,24,-999,32.9,23.6,79,4,260
2019,6,25,-999,33.3,25.9,79,3,250
2019,6,26,0.5,32.6,26.2,77,3,240
2019,6,27,-999,30.8,26,84,3,230
2019,6,28,13.5,31.8,24.9,86,3,240
2019,6,29,20,30.6,25,84,3,230
2019,6,30,10.5,32,25.2,81,4,230
2019,7,1,20.5,29.7,24.9,89,2,200
2019,7,2,0.5,31.4,26.8,77,3,200
2019,7,3,0,34.1,27.2,67,3,280
2019,7,4,0,35.2,27.4,66,3,230
2019,7,5,0,34,27.7,70,2,270
2019,7,6,-1,32.2,27,72,2,240
2019,7,7,23,32.3,27,77,3,240
2019,7,8,-1,33.1,27,74,3,250
2019,7,9,0,32.8,27.2,74,4,250
2019,7,10,-1,33.4,27,72,4,260
2019,7,11,0,34.2,27.9,72,3,270
2019,7,12,0,34.3,27.4,74,2,270
2019,7,13,11,32.7,23.4,72,3,290
2019,7,14,8.5,33,25.5,79,3,250
2019,7,15,28,30.1,24.8,84,2,220
2019,7,16,13,29.1,24,88,5,240
2019,7,17,14.5,28.4,25.6,87,4,240
2019,7,18,6,31.2,25.8,86,4,240
2019,7,19,-1,32.4,27,74,3,260
2019,7,20,0,32.4,27.8,75,3,270
2019,7,21,-1,31.6,26.9,77,3,320
2019,7,22,4,33.2,26.1,80,2,260
2019,7,23,1,31.3,26.2,77,3,260
2019,7,24,0.5,32.4,27.2,74,3,240
2019,7,25,-1,31.6,26.9,75,3,240
2019,7,26,0,31.6,27.4,74,3,260
2019,7,27,-1,31.6,25.8,79,2,260
2019,7,28,10.5,29.8,26,82,2,250
2019,7,29,6.5,33.8,25.2,73,2,270
2019,7,30,5.5,32.8,24.8,79,3,240
2019,7,31,6.5,32.9,26.2,76,2,100
2019,8,1,30.5,32.4,25,82,4,280
2019,8,2,176.5,26.5,24,98,4,240
2019,8,3,30,27.5,24.4,95,3,240
2019,8,4,7,28.8,25.8,87,3,230
2019,8,5,27.5,30.5,25.3,86,4,260
2019,8,6,4.5,31.1,26,86,4,220
2019,8,7,7,28.8,26.2,85,3,220
2019,8,8,38.8,30.8,25.5,89,5,240
2019,8,9,19,28.2,25,95,5,230
2019,8,10,1,31.4,26.9,78,5,240
2019,8,11,-1,31,27.7,74,7,250
2019,8,12,16,30.8,26.1,80,7,250
2019,8,13,0,30.8,28.1,76,5,250
2019,8,14,0,31.6,27.1,78,5,260
2019,8,15,0,30.6,27,80,4,260
2019,8,16,-1,32,26.7,78,4,260
2019,8,17,0,31.7,28,82,5,260
2019,8,18,-1,32.2,27.6,80,5,260
2019,8,19,-1,31.9,27.7,79,4,260
2019,8,20,4.5,32.1,25.5,79,6,260
2019,8,21,4,31.1,25.5,84,4,260
2019,8,22,-1,30.8,25.8,81,6,260
2019,8,23,19,30,24.5,86,6,250
2019,8,24,66.5,30.8,24.6,86,3,280
2019,8,25,12,30.9,24.9,89,2,260
2019,8,26,35.5,30.7,24.3,89,3,60
2019,8,27,0.5,29.3,25.1,85,2,280
2019,8,28,-1,32.6,26.2,78,3,270
2019,8,29,0.5,30.3,25.2,83,3,260
2019,8,30,-1,30.1,26.1,84,4,260
2019,8,31,9,30.6,24.1,85,3,250
2019,9,1,11.5,32.8,25.1,84,2,110
2019,9,2,3.5,30.4,24.7,84,3,250
2019,9,3,9.5,31.6,24.1,83,3,90
2019,9,4,0,31.8,27,73,4,230
2019,9,5,0,32,27.5,74,5,260
2019,9,6,2,32.7,25.7,75,5,240
2019,9,7,0,32,27.3,79,4,230
2019,9,8,20,32,25.3,82,4,270
2019,9,9,20,31.2,24.1,86,4,270
2019,9,10,-1,28.3,25.3,82,2,290
2019,9,11,7,29.8,24.3,84,3,270
2019,9,12,16,26.9,24.5,88,2,270
2019,9,13,4.5,30.8,25,82,2,160
2019,9,14,7,32.6,24.3,87,2,210
2019,9,15,61.5,29.7,24.5,86,4,240
2019,9,16,32.5,27.5,24.7,94,3,260
2019,9,17,2,30.5,25.5,85,3,220
2019,9,18,17.5,31.1,24.2,83,5,240
2019,9,19,20,30.2,24.5,91,4,250
2019,9,20,22,29.6,24.5,90,4,220
2019,9,21,3,29.6,24.1,84,3,250
2019,9,22,0,31.2,25.6,80,2,260
2019,9,23,0,32.6,26.4,78,2,270
2019,9,24,4.5,33.3,25.2,76,2,120
2019,9,25,0,33.8,25.4,67,2,130
2019,9,26,15,32.5,26.7,77,2,220
2019,9,27,5,32.3,24.1,74,2,280
2019,9,28,10,33.2,26.8,75,3,250
2019,9,29,1.5,31.8,26.4,79,5,260
2019,9,30,0,31.2,26.6,83,3,260
2019,10,1,0,31.7,26.7,79,4,270
2019,10,2,11,31.7,23.5,82,2,70
2019,10,3,0,32,25.2,71,3,280
2019,10,4,2.5,31.8,25.1,79,2,280
2019,10,5,0,31.3,25.3,78,2,260
2019,10,6,0,33.8,25.8,69,2,110
2019,10,7,-1,34.8,25.8,71,2,90
2019,10,8,-1,33.5,26.6,65,2,110
2019,10,9,0,33,25.2,69,3,120
2019,10,10,0,32.8,26.1,72,2,280
2019,10,11,4,31.5,24.8,77,3,90
2019,10,12,4,33.8,25.2,73,2,70
2019,10,13,0,33.4,25.2,67,3,110
2019,10,14,0,34.2,24.9,64,3,90
2019,10,15,-1,33.9,25.9,63,2,90
2019,10,16,-1,33.6,25.8,68,2,120
2019,10,17,0,33.2,26.5,68,2,120
2019,10,18,0,33,26,71,2,130
2019,10,19,1,32.3,26.1,74,2,110
2019,10,20,0,33.1,26.1,76,2,130
2019,10,21,0,32.8,25.8,69,2,120
2019,10,22,0,33.8,26.6,64,2,120
2019,10,23,0,34.8,26.1,64,2,120
2019,10,24,-1,33.7,26.1,67,3,110
2019,10,25,-1,34.4,25.9,64,2,130
2019,10,26,0,33.1,25.1,71,2,100
2019,10,27,1.5,34.6,24.8,68,3,60
2019,10,28,0.5,30.6,25.9,80,2,110
2019,10,29,-1,32.2,26,75,2,80
2019,10,30,0,33,25.4,75,2,110
2019,10,31,8,32.6,25.3,74,2,130
2019,11,1,36.5,30.3,24.6,91,1,200
2019,11,2,-1,32.7,25.8,79,2,90
2019,11,3,-1,32.9,26.6,76,2,110
2019,11,4,0,31.9,26.6,77,3,280
2019,11,5,15,33.2,24.9,79,2,230
2019,11,6,6,31.7,24.2,88,2,90
2019,11,7,1,31.9,25.8,78,2,110
2019,11,8,0,32.8,25.6,76,2,120
2019,11,9,0,33.1,26,79,2,100
2019,11,10,0,31,26.2,77,2,310
2019,11,11,0,31.3,25.8,75,2,280
2019,11,12,2,30.3,24.4,75,2,110
2019,11,13,0,30.2,25.7,67,2,100
2019,11,14,0,30.3,25.5,73,2,130
2019,11,15,6,31.3,25.7,75,2,280
2019,11,16,5,31.7,25.4,78,2,270
2019,11,17,0,30.9,26.8,81,3,280
2019,11,18,0,31.1,26.1,79,4,260
2019,11,19,0,32.2,26.8,74,2,290
2019,11,20,-1,31.2,25.8,76,2,220
2019,11,21,1,29.6,25.8,78,2,310
2019,11,22,-1,30.4,25.4,83,2,10
2019,11,23,-1,30.5,25.6,79,2,90
2019,11,24,-1,31.9,24.9,77,2,110
2019,11,25,-1,32.1,26.2,71,2,20
2019,11,26,-1,32.9,24.5,71,2,70
2019,11,27,4.5,33.4,25.1,74,2,120
2019,11,28,-1,33.6,26.3,65,3,70
2019,11,29,0,32.3,22.6,68,2,120
2019,11,30,0,31.6,24.1,59,3,80
2019,12,1,0,31.7,24.9,63,4,10
2019,12,2,-1,30.5,26.3,69,4,360
2019,12,3,50.5,28.7,23.1,80,6,20
2019,12,4,0,32.7,25.3,74,3,110
2019,12,5,0,31.3,25.5,79,2,150
2019,12,6,0,30.8,25.5,78,4,290
2019,12,7,0,31.2,25.4,74,2,220
2019,12,8,0,31.7,24,67,3,90
2019,12,9,0,31.4,23.9,66,2,100
2019,12,10,0,29.9,25.1,71,2,130
2019,12,11,0,31.2,25.5,72,2,100
2019,12,12,0,31.8,24.1,73,2,110
2019,12,13,2,32.9,23.7,70,2,110
2019,12,14,-1,32.4,24.6,73,2,110
2019,12,15,-1,33.2,25.8,70,3,90
2019,12,16,0,33.3,24,68,3,110
2019,12,17,0,32.9,23.3,67,2,100
2019,12,18,0,33.3,24.6,64,3,100
2019,12,19,0,32.7,24.6,73,2,120
2019,12,20,0,32.9,25.2,69,2,100
2019,12,21,0,32.4,24.1,70,2,110
2019,12,22,0,33,23.7,67,2,40
2019,12,23,-1,30.8,22.9,74,2,110
2019,12,24,0,33.4,25.6,60,3,80
2019,12,25,66,29.5,24.1,83,2,40
2019,12,26,0,32,24.7,81,2,110
2019,12,27,0,32.8,25.6,72,2,120
2019,12,28,0,32.1,24.6,73,3,100
2019,12,29,0,31.4,24.8,69,3,110
2019,12,30,0,32.4,25,68,3,110
2019,12,31,0.5,32.4,24.7,74,3,70
2020,1,1,0.5,29.1,24.1,83,2,250
2020,1,2,0,31.7,23.9,65,4,90
2020,1,3,0,32.2,23.8,62,4,80
2020,1,4,-1,32.3,24.2,67,3,100
2020,1,5,0,31.2,25.4,64,4,110
2020,1,6,0,32.4,24.3,63,3,120
2020,1,7,3.5,31,23.9,73,3,120
2020,1,8,0,31.4,23.8,73,3,90
2020,1,9,0,31.6,23.3,68,3,100
2020,1,10,-1,29.6,23.7,75,2,100
2020,1,11,0,32.1,23.4,70,2,130
2020,1,12,14,31.1,24.4,76,2,160
2020,1,13,-1,29.5,24.2,80,2,120
2020,1,14,0,30.4,24,74,2,110
2020,1,15,0,30.8,24.1,71,2,110
2020,1,16,0,32.5,24.9,67,2,140
2020,1,17,0,31.5,25.3,76,2,360
2020,1,18,0,31.2,24.3,76,2,120
2020,1,19,0,31.2,23.7,73,2,120
2020,1,20,0,30.9,23.4,70,3,110
2020,1,21,0,31.3,22.4,65,4,110
2020,1,22,0,31.8,22.8,65,4,100
2020,1,23,0,31.6,24.9,61,3,110
2020,1,24,3.5,27.7,23.5,84,2,280
2020,1,25,-1,30.1,24.8,79,2,110
2020,1,26,0,31.8,25.5,79,3,250
2020,1,27,0,32.2,24.1,74,3,290
2020,1,28,0,32.8,23.2,70,2,250
2020,1,29,0,31,24.3,68,4,10
2020,1,30,0,30.3,22,65,4,10
2020,1,31,0,28.9,22.2,70,2,110
2020,2,1,0,30.9,21.3,65,3,90
2020,2,2,-1,28.5,22.1,69,3,110
2020,2,3,-1,28.4,20.2,67,3,100
2020,2,4,0,30.9,21.9,65,3,120
2020,2,5,0,32.1,24.7,67,2,90
2020,2,6,-1,30.4,25,72,2,110
2020,2,7,22.5,29.5,24.4,88,2,10
2020,2,8,2,31.8,24.9,80,2,120
2020,2,9,0,29.3,23.5,70,3,110
2020,2,10,0,29.9,22.8,64,4,100
2020,2,11,0,31.1,20.6,64,3,100
2020,2,12,0,31.4,22.5,62,3,120
2020,2,13,2.5,29.6,22.6,78,3,120
2020,2,14,0,32.2,24.5,66,3,110
2020,2,15,0,32.1,23.3,67,4,100
2020,2,16,0,32.8,23.4,64,2,130
2020,2,17,-1,31.3,24.8,74,3,110
2020,2,18,0,31.9,23,61,3,90
2020,2,19,0,31.9,22.5,62,3,90
2020,2,20,0,30.4,22.1,56,4,70
2020,2,21,0,32.8,22.7,58,4,80
2020,2,22,0,33.1,23.2,57,4,90
2020,2,23,0,32.2,24.1,69,4,100
2020,2,24,-1,32.2,24.8,68,3,110
2020,2,25,0,32,22.6,64,3,100
2020,2,26,0.5,32.5,23.2,69,3,120
2020,2,27,0,33.1,23.1,61,3,120
2020,2,28,0,33.6,25.3,61,3,110
2020,2,29,0,32.8,25.4,61,4,110
2020,3,1,0,32.5,22.7,65,3,120
2020,3,2,0,32.7,23,60,5,110
2020,3,3,0,33.2,23.5,64,4,120
2020,3,4,0,31.8,23.6,69,3,110
2020,3,5,0,33.1,24.5,67,2,130
2020,3,6,0,33.7,24.9,62,2,120
2020,3,7,0,34.8,26.4,68,3,130
2020,3,8,-1,35.5,27.1,69,2,110
2020,3,9,0,35.3,26.6,70,3,260
2020,3,10,17.5,33.7,24.6,74,3,260
2020,3,11,0.5,33.9,26.5,68,4,110
2020,3,12,0,33.6,24.6,60,3,100
2020,3,13,0,34.4,25.2,60,3,120
2020,3,14,0,34.2,26.1,63,3,120
2020,3,15,0,33.5,26.5,64,3,120
2020,3,16,0,30.1,25.6,71,4,120
2020,3,17,0,37,25.7,68,4,120
2020,3,18,0,33.1,23.3,62,3,120
2020,3,19,0,33.7,26.2,62,3,130
2020,3,20,0,34.2,24.4,64,3,120
2020,3,21,0,34.7,26.5,59,3,120
2020,3,22,0,35.2,26.2,60,3,130
2020,3,23,0,34.5,24.4,61,4,130
2020,3,24,0,34.3,26.2,62,4,120
2020,3,25,0,33.5,24,59,4,100
2020,3,26,0,34.3,25.4,57,4,110
2020,3,27,0,34.1,25.5,65,4,110
2020,3,28,0,35,26,60,3,120
2020,3,29,0,34.6,27.4,61,4,110
2020,3,30,0,34.5,25,60,3,100
2020,3,31,0,35.4,24.7,60,3,120
2020,4,1,0,35.2,26.2,61,3,120
2020,4,2,0,34.2,23.4,61,4,110
2020,4,3,0,34.9,23.8,60,3,120
2020,4,4,0,34.6,23.2,59,4,120
2020,4,5,0,34.4,24.4,57,4,120
2020,4,6,0,34.7,25.8,59,3,120
2020,4,7,-1,35.3,27.3,63,3,260
2020,4,8,0,35.6,26.6,65,3,280
2020,4,9,0,34.5,25.7,65,2,130
2020,4,10,0,34.3,25.9,66,3,120
2020,4,11,0,33.8,26.5,66,3,130
2020,4,12,0,32.6,26.2,77,4,20
2020,4,13,-1,34.1,27,69,3,120
2020,4,14,0,32.2,24.9,67,3,120
2020,4,15,0,35.1,26.1,67,3,140
2020,4,16,0,36.2,27.2,65,3,120
2020,4,17,0.5,35.2,27.9,64,3,120
2020,4,18,0,36.1,27.2,64,3,110
2020,4,19,0,36.1,25.9,62,3,120
2020,4,20,0,36.1,28,63,3,120
2020,4,21,0,36.2,27.6,57,3,130
2020,4,22,0,35.7,28.6,60,3,130
2020,4,23,0,35.7,28.2,65,4,120
2020,4,24,0,35.5,26.1,60,4,130
2020,4,25,0,36,27.6,62,3,100
2020,4,26,0,35,26.9,64,3,120
2020,4,27,0,34.7,27.5,64,3,120
2020,4,28,0,35.4,26,61,4,120
2020,4,29,0,35.4,27.4,62,4,120
2020,4,30,0,35.2,26.3,62,3,120
2020,5,1,0,35.5,26,60,3,100
2020,5,2,0,36.4,28.1,54,3,130
2020,5,3,-1,32.5,27.3,69,2,100
2020,5,4,0,36.9,28.9,66,3,120
2020,5,5,0,37.4,29.2,64,4,120
2020,5,6,82,37,25.4,68,3,250
2020,5,7,0,35.8,29.4,68,4,120
2020,5,8,0,37.1,29.2,61,3,130
2020,5,9,-1,36.4,26,69,2,250
2020,5,10,6.5,36,25.3,67,2,70
2020,5,11,0,36.6,28.3,62,3,120
2020,5,12,0,36.8,28.4,66,2,140
2020,5,13,0,36.8,27.9,62,2,110
2020,5,14,-1,33.1,26.9,77,3,10
2020,5,15,65.5,29.7,24.8,88,5,80
2020,5,16,0,33.6,26.3,80,2,300
2020,5,17,-1,35.3,28,71,2,220
2020,5,18,-1,34.1,28,77,2,130
2020,5,19,8.5,32.8,25.7,83,1,150
2020,5,20,0,35,28.2,75,2,260
2020,5,21,0,36.3,28.6,75,2,230
2020,5,22,3,35.2,27.9,77,2,250
2020,5,23,23,33.6,25.3,80,3,280
2020,5,24,0,33.2,27.2,71,4,330
2020,5,25,-1,34.4,28.1,74,3,250
2020,5,26,-1,34.4,26.8,77,2,130
2020,5,27,8,36.2,24.3,73,3,260
2020,5,28,-1,35.4,26,81,2,260
2020,5,29,24.5,36,25.4,72,2,90
2020,5,30,0.5,34.5,27.1,73,2,110
2020,5,31,0,35.1,26.3,59,3,120
2020,6,1,0,34.8,25.3,64,3,120
2020,6,2,-1,36.1,28.4,67,2,180
2020,6,3,0,34.4,28.5,70,3,170
2020,6,4,2.5,34.9,27.7,74,3,90
2020,6,5,0,36.3,28.4,64,3,110
2020,6,6,0,36.7,27.5,57,3,120
2020,6,7,0,36.5,28.4,63,3,260
2020,6,8,0,34.8,27.1,66,3,110
2020,6,9,0,36.5,27.8,63,2,360
2020,6,10,31,32.6,25.2,85,2,160
2020,6,11,9,31.8,25,87,3,210
2020,6,12,0.5,31.1,25.7,75,2,230
2020,6,13,-1,34.2,27.6,73,3,120
2020,6,14,-1,34.8,26.7,73,3,120
2020,6,15,-1,33.2,26.9,75,2,100
2020,6,16,0,35,28.2,64,3,100
2020,6,17,0,35.9,27.4,68,3,110
2020,6,18,-1,34.6,27.3,67,2,140
2020,6,19,11.5,31.2,25.5,86,2,240
2020,6,20,0,33.6,26.5,76,1,160
2020,6,21,6,35.5,25.3,74,2,110
2020,6,22,16,36.2,25.6,72,2,110
2020,6,23,-1,36.4,27.3,69,3,250
2020,6,24,8.5,35.6,26.1,76,2,120
2020,6,25,0,35.4,26.3,71,3,110
2020,6,26,1,34.4,25.8,70,3,120
2020,6,27,4,33.3,26.1,76,3,120
2020,6,28,4,31.7,25.6,84,2,110
2020,6,29,2.5,32.5,26.6,79,2,260
2020,6,30,0,33,27.8,74,6,270
2020,7,1,-999,-999,-999,-999,-999,-999
2020,7,2,-999,-999,-999,-999,-999,-999
2020,7,3,-999,-999,-999,-999,-999,-999
2020,7,4,-999,-999,-999,-999,-999,-999
2020,7,5,-999,-999,-999,-999,-999,-999
2020,7,6,-999,-999,-999,-999,-999,-999
2020,7,7,-999,-999,-999,-999,-999,-999
2020,7,8,-999,-999,-999,-999,-999,-999
2020,7,9,-999,-999,-999,-999,-999,-999
2020,7,10,-999,-999,-999,-999,-999,-999
2020,7,11,-999,-999,-999,-999,-999,-999
2020,7,12,-999,-999,-999,-999,-999,-999
2020,7,13,-999,-999,-999,-999,-999,-999
2020,7,14,-999,-999,-999,-999,-999,-999
2020,7,15,-999,-999,-999,-999,-999,-999
2020,7,16,-999,-999,-999,-999,-999,-999
2020,7,17,-999,-999,-999,-999,-999,-999
2020,7,18,-999,-999,-999,-999,-999,-999
2020,7,19,-999,-999,-999,-999,-999,-999
2020,7,20,-999,-999,-999,-999,-999,-999
2020,7,21,-999,-999,-999,-999,-999,-999
2020,7,22,-999,-999,-999,-999,-999,-999
2020,7,23,-999,-999,-999,-999,-999,-999
2020,7,24,-999,-999,-999,-999,-999,-999
2020,7,25,-999,-999,-999,-999,-999,-999
2020,7,26,-999,-999,-999,-999,-999,-999
2020,7,27,-999,-999,-999,-999,-999,-999
2020,7,28,-999,-999,-999,-999,-999,-999
2020,7,29,-999,-999,-999,-999,-999,-999
2020,7,30,-999,-999,-999,-999,-999,-999
2020,7,31,-999,-999,-999,-999,-999,-999
2020,8,1,-999,-999,-999,-999,-999,-999
2020,8,2,-999,-999,-999,-999,-999,-999
2020,8,3,-999,-999,-999,-999,-999,-999
2020,8,4,-999,-999,-999,-999,-999,-999
2020,8,5,-999,-999,-999,-999,-999,-999
2020,8,6,-999,-999,-999,-999,-999,-999
2020,8,7,-999,-999,-999,-999,-999,-999
2020,8,8,-999,-999,-999,-999,-999,-999
2020,8,9,-999,-999,-999,-999,-999,-999
2020,8,10,-999,-999,-999,-999,-999,-999
2020,8,11,-999,-999,-999,-999,-999,-999
2020,8,12,-999,-999,-999,-999,-999,-999
2020,8,13,-999,-999,-999,-999,-999,-999
2020,8,14,-999,-999,-999,-999,-999,-999
2020,8,15,-999,-999,-999,-999,-999,-999
2020,8,16,-999,-999,-999,-999,-999,-999
2020,8,17,-999,-999,-999,-999,-999,-999
2020,8,18,-999,-999,-999,-999,-999,-999
2020,8,19,-999,-999,-999,-999,-999,-999
2020,8,20,-999,-999,-999,-999,-999,-999
2020,8,21,-999,-999,-999,-999,-999,-999
2020,8,22,-999,-999,-999,-999,-999,-999
2020,8,23,-999,-999,-999,-999,-999,-999
2020,8,24,-999,-999,-999,-999,-999,-999
2020,8,25,-999,-999,-999,-999,-999,-999
2020,8,26,-999,-999,-999,-999,-999,-999
2020,8,27,-999,-999,-999,-999,-999,-999
2020,8,28,-999,-999,-999,-999,-999,-999
2020,8,29,-999,-999,-999,-999,-999,-999
2020,8,30,-999,-999,-999,-999,-999,-999
2020,8,31,-999,-999,-999,-999,-999,-999
2020,9,1,-999,-999,-999,-999,-999,-999
2020,9,2,-999,-999,-999,-999,-999,-999
2020,9,3,-999,-999,-999,-999,-999,-999
2020,9,4,-999,-999,-999,-999,-999,-999
2020,9,5,-999,-999,-999,-999,-999,-999
2020,9,6,-999,-999,-999,-999,-999,-999
2020,9,7,-1,33.3,26.3,78,3,270
2020,9,8,0,35.2,25.2,68,3,120
2020,9,9,1.5,33.6,26.9,75,2,120
2020,9,10,0,34.2,26.6,74,3,280
2020,9,11,6,33.8,26.8,79,2,60
2020,9,12,-1,30.6,25.8,79,1,140
2020,9,13,0,35.5,26.5,71,2,130
2020,9,14,10,33.6,25.4,74,3,10
2020,9,15,19.5,31,25.3,89,3,10
2020,9,16,-1,32,27.7,78,3,110
2020,9,17,0,30.4,26.1,78,2,130
2020,9,18,-1,32.8,26.5,73,2,90
2020,9,19,22.5,34.1,25.2,75,2,10
2020,9,20,1.5,33.5,26.8,75,2,300
2020,9,21,0,35.1,26.4,69,2,120
2020,9,22,13,33.9,24.2,78,2,220
2020,9,23,2,32.8,25.5,82,3,260
2020,9,24,20.5,32.6,24.9,79,2,280
2020,9,25,0.5,31.6,26.2,86,2,80
2020,9,26,0,34.3,26.5,79,1,100
2020,9,27,0,35.4,27.1,71,2,220
2020,9,28,-1,32.9,25.7,76,2,220
2020,9,29,0.5,32.7,26.3,80,3,260
2020,9,30,-1,33,26.9,78,3,90
2020,10,1,11.5,33.6,24.9,81,2,260
2020,10,2,8,33.3,26,80,2,270
2020,10,3,33,32.2,25.1,86,3,270
2020,10,4,4,35.2,26,75,2,100
2020,10,5,0,34.6,26.8,71,3,120
2020,10,6,1.5,34.1,25.8,74,2,110
2020,10,7,8,30.7,25.7,87,2,290
2020,10,8,1.5,29.4,25.7,86,2,120
2020,10,9,0.5,29.9,25.9,83,2,120
2020,10,10,18,31.8,25.1,87,3,250
2020,10,11,4.5,29.6,25.1,88,2,230
2020,10,12,15,32.7,25.3,89,1,80
2020,10,13,12.5,34.2,24.8,78,2,120
2020,10,14,42.5,28.3,24.2,93,3,20
2020,10,15,4.5,31.5,25.1,83,2,120
2020,10,16,0,34.1,26.1,74,2,130
2020,10,17,4.5,31.1,25.4,82,2,10
2020,10,18,-1,30,25.2,86,1,320
2020,10,19,0.5,33,26.8,71,2,80
2020,10,20,34,28.3,25.1,89,3,220
2020,10,21,3,32.3,25.7,80,3,140
2020,10,22,0.5,34.8,25.9,73,3,230
2020,10,23,2,31.6,25.7,79,3,290
2020,10,24,22.5,31.4,25.1,89,3,290
2020,10,25,32,30.4,24.9,87,5,330
2020,10,26,2,29.5,26.2,82,5,100
2020,10,27,-1,31.3,25.7,78,3,140
2020,10,28,3,33.3,24.9,78,2,80
2020,10,29,14,31.7,25.7,84,2,110
2020,10,30,0,33,26.4,74,2,30
2020,10,31,1.5,33.4,25.3,67,3,40
2020,11,1,26,27,23,87,5,360
2020,11,2,0,30.9,25.4,80,2,100
2020,11,3,0.5,33.6,25.5,77,2,150
2020,11,4,1,31.2,25.2,81,2,110
2020,11,5,-1,31.4,25.4,79,2,140
2020,11,6,0,33.3,25.8,75,2,130
2020,11,7,7.5,30.9,23.5,79,3,10
2020,11,8,0,33,22,77,3,110
2020,11,9,2,31.3,25.1,87,2,180
2020,11,10,30.5,30.3,25,87,2,200
2020,11,11,137.5,28.2,24,90,7,280
2020,11,12,37,28.3,24.3,89,4,120
2020,11,13,0,32.9,25.8,77,3,110
2020,11,14,0,32.9,25.8,74,3,110
2020,11,15,-1,32.2,25.3,79,2,110
2020,11,16,4,32.4,24,75,2,110
2020,11,17,0,32.7,24.8,77,2,130
2020,11,18,0,33.4,26.1,72,2,130
2020,11,19,0,32.6,25,75,2,110
2020,11,20,2,32.2,25,74,3,280
2020,11,21,0,33.5,24.3,71,3,110
2020,11,22,-1,33.1,24.8,63,3,80
2020,11,23,-1,33.5,23.8,68,3,70
2020,11,24,0,33.5,24.8,60,3,80
2020,11,25,-1,32.6,24.1,66,3,30
2020,11,26,7,32.9,24.5,65,3,40
2020,11,27,1.5,29.1,25,86,2,80
2020,11,28,2.5,31.5,24.8,83,2,10
2020,11,29,23.5,29.5,23.3,85,2,360
2020,11,30,0,31.9,23.5,69,4,50
2020,12,1,0,31.9,25.7,63,3,20
2020,12,2,-1,30.3,25.8,75,2,240
2020,12,3,-1,30.6,25.5,80,2,270
2020,12,4,-1,29,25.3,84,1,130
2020,12,5,6,31.7,25.1,77,2,130
2020,12,6,-1,31.9,26.4,79,2,100
2020,12,7,6,28.3,25.1,92,2,210
2020,12,8,1.5,32.5,25.2,82,3,110
2020,12,9,5.5,31.4,24.9,80,2,90
2020,12,10,6,28.6,24.5,91,1,30
2020,12,11,-1,33.4,25.9,76,2,130
2020,12,12,-1,32.3,26.1,77,2,120
2020,12,13,-1,31.5,24.8,77,2,130
2020,12,14,0,33,25.3,71,2,60
2020,12,15,-1,32.7,24.9,73,2,100
2020,12,16,-1,33,24,68,2,70
2020,12,17,2,31.6,24.6,83,2,100
2020,12,18,25.5,31.6,23.8,86,2,90
2020,12,19,20,27.6,24.1,92,2,10
2020,12,20,1.5,31.4,24.8,82,3,100
2020,12,21,-1,30.4,24.7,84,1,130
2020,12,22,0,31.9,24.9,75,2,120
2020,12,23,0,33.1,24.7,71,3,120
2020,12,24,0,32.6,23.9,74,2,130
2020,12,25,0,33.1,25.7,75,2,140
2020,12,26,24,31.6,24.3,86,2,60
2020,12,27,22,26,24,94,1,320
2020,12,28,0,31.5,26,81,2,110
2020,12,29,39.5,34.4,24.7,78,2,310
2020,12,30,0,32.1,26.2,76,2,10
2020,12,31,-1,30.4,23.9,64,3,90
2021,1,1,0,28.6,23.1,70,2,100
2021,1,2,0,31,24.8,69,3,10
2021,1,3,32.5,28.8,23.3,90,1,50
2021,1,4,0.5,32.4,24.6,78,2,110
2021,1,5,0.5,30.7,22.6,79,2,100
2021,1,6,-1,33.3,24.6,69,2,110
2021,1,7,-1,30.5,24.6,79,2,110
2021,1,8,0,30.4,25.4,73,2,120
2021,1,9,0,31,24.3,65,2,90
2021,1,10,0,30.2,22.7,62,3,90
2021,1,11,0,29,23.5,70,2,110
2021,1,12,0,28.6,21.9,68,2,360
2021,1,13,0,28.4,23.3,74,2,120
2021,1,14,0,31.2,25,74,2,140
2021,1,15,0,30.2,24.4,75,2,120
2021,1,16,-1,30.5,24.9,72,2,120
2021,1,17,-1,31.2,24.8,70,3,30
2021,1,18,0,30.2,24.7,74,2,30
2021,1,19,1,29,24,78,2,270
2021,1,20,29,28.2,24.3,89,2,10
2021,1,21,-1,31.5,25.7,82,2,130
2021,1,22,13,31.5,24.2,85,2,70
2021,1,23,0,30.3,25,84,2,290
2021,1,24,-1,32.7,25.3,75,2,120
2021,1,25,1,31.5,23.6,80,2,120
2021,1,26,-1,30.9,25.1,79,2,140
2021,1,27,6,29.5,24.1,83,2,280
2021,1,28,1.5,29.2,23.7,75,2,120
2021,1,29,0,29.7,23.2,60,4,80
2021,1,30,0,29.8,20.9,63,4,80
2021,1,31,0,30.4,22.5,67,3,90
2021,2,1,0,30.9,23.6,68,2,100
2021,2,2,0,30.9,23.4,70,3,90
2021,2,3,0,32.4,23.4,67,2,90
2021,2,4,0,31.8,24.5,64,3,90
2021,2,5,-1,32.5,25.2,67,2,110
2021,2,6,0,30.8,23.8,73,2,120
2021,2,7,0,33.4,24.2,66,2,110
2021,2,8,-1,32.2,23.9,65,3,70
2021,2,9,14,28.7,24.1,83,2,100
2021,2,10,6,30.7,23.9,80,2,100
2021,2,11,-1,30.6,25.4,80,3,10
2021,2,12,11,31,24,76,4,360
2021,2,13,0.5,27.7,23.5,84,2,130
2021,2,14,0,30.6,24.4,79,2,290
2021,2,15,0,31.4,23.5,71,3,120
2021,2,16,0,31.6,22.2,67,3,110
2021,2,17,0,32,24.2,65,3,120
2021,2,18,0,30.8,23.2,62,3,10
2021,2,19,0,29.6,21.6,58,3,90
2021,2,20,0,29.9,21.1,56,3,80
2021,2,21,1,28.9,23.3,70,2,280
2021,2,22,2,27,24.3,87,2,250
2021,2,23,-1,32.5,24.7,77,2,90
2021,2,24,0,33.9,24.7,71,3,120
2021,2,25,0,33.4,23.2,65,3,120
2021,2,26,0,34.3,25.8,67,2,130
2021,2,27,0,34.4,25.9,73,3,140
2021,2,28,0,33,25.3,70,3,120
2021,3,1,0,33.8,24.1,68,3,130
2021,3,2,13,34.1,25.7,70,2,100
2021,3,3,0,32.8,25.2,69,3,110
2021,3,4,0,32.5,25.1,69,4,120
2021,3,5,0,33.4,23.9,64,3,110
2021,3,6,0,33.3,24.5,62,3,100
2021,3,7,0,33.9,22.2,58,3,100
2021,3,8,0,33.7,25,60,3,90
2021,3,9,-1,32,23.3,67,3,90
2021,3,10,0,33.2,24.3,58,3,70
2021,3,11,-1,34.3,23.8,56,3,90
2021,3,12,3.5,32.6,23.9,72,3,60
2021,3,13,-1,30.1,25.2,78,2,110
2021,3,14,1.5,32,25.2,75,2,120
2021,3,15,11.5,32,25.2,78,2,70
2021,3,16,14.5,34.5,24.5,76,2,110
2021,3,17,0,35.4,27,69,2,110
2021,3,18,0,34.6,25.8,69,3,120
2021,3,19,0,34.3,26.4,70,2,90
2021,3,20,0,35,25.7,67,3,120
2021,3,21,-1,34.5,26.2,67,3,100
2021,3,22,-1,34.9,26.2,64,3,110
2021,3,23,0,33,25.5,62,3,80
2021,3,24,0,33.6,24.9,67,3,110
2021,3,25,0,34.5,24.4,65,3,110
2021,3,26,0,34.7,25.8,62,3,80
2021,3,27,0,34.6,25.7,65,3,120
2021,3,28,0,35.2,26.9,65,3,120
2021,3,29,0,34.8,25.5,63,3,140
2021,3,30,0,35.3,25.6,61,3,130
2021,3,31,0,34.7,25.5,66,3,120
2021,4,1,0,34.6,24.1,61,4,110
2021,4,2,0,34.4,23.8,59,4,120
2021,4,3,0,34.9,24.2,61,3,130
2021,4,4,0.5,34.2,25.2,64,3,110
2021,4,5,0.5,34.8,25.6,67,3,110
2021,4,6,0,34.8,25.3,64,3,120
2021,4,7,0,33.2,26.3,64,3,110
2021,4,8,0,33.4,26.7,61,3,130
2021,4,9,-1,33,25.3,65,3,120
2021,4,10,0,34.1,24.7,60,3,110
2021,4,11,0,35.1,24.7,59,3,120
2021,4,12,0,34.5,25.9,64,2,180
2021,4,13,0,33.5,27.2,71,2,120
2021,4,14,0,34.6,26.4,68,2,110
2021,4,15,0,33.8,26.2,72,2,130
2021,4,16,0,35.1,25.2,64,3,130
2021,4,17,0,33.9,26.1,66,2,180
2021,4,18,0,33.6,26.8,67,3,250
2021,4,19,1.5,34.3,26,66,4,250
2021,4,20,0,32.2,27.5,73,4,250
2021,4,21,0,32.7,27.6,73,5,270
2021,4,22,0.5,33.4,27.1,78,4,250
2021,4,23,0,33.4,26.3,72,4,20
2021,4,24,0,32.9,26.6,73,3,260
2021,4,25,0,32.7,26.2,67,4,260
2021,4,26,0,31.3,26.2,69,3,120
2021,4,27,0,32.2,24.3,70,3,120
2021,4,28,0,33.9,26.3,65,3,130
2021,4,29,0,33.9,27.5,69,3,260
2021,4,30,0,35.3,27.6,67,3,160
2021,5,1,0,35.8,26.4,63,3,150
2021,5,2,0,35.6,25.9,59,4,110
2021,5,3,-1,36,26.8,60,3,110
2021,5,4,0,35.1,27.2,70,4,110
2021,5,5,0,36,27.5,61,3,120
2021,5,6,0,35.8,27.2,61,3,80
2021,5,7,0,34.7,26.8,64,3,130
2021,5,8,0,35.9,27.2,65,3,120
2021,5,9,0,36.1,28,64,3,120
2021,5,10,0,35.5,28.1,66,3,120
2021,5,11,0,35.6,27.8,68,3,120
2021,5,12,0,35.8,28.6,62,4,110
2021,5,13,0,35.5,27.4,61,3,120
2021,5,14,0,36,28.7,62,4,110
2021,5,15,0,36.6,27.9,65,4,110
2021,5,16,0,36.1,27,62,4,110
2021,5,17,0,36.8,28.9,63,3,110
2021,5,18,0,34.7,28.7,68,4,110
2021,5,19,0,35.1,27.4,64,4,120
2021,5,20,0,35.9,28.3,66,3,130
2021,5,21,0,37.1,27.9,67,3,140
2021,5,22,0,36.2,28,73,3,250
2021,5,23,0,37.1,27.1,67,2,130
2021,5,24,0,36.7,27.6,67,2,20
2021,5,25,0,36.9,27.3,63,2,120
2021,5,26,-1,36.7,28.1,65,2,130
2021,5,27,0,37.3,28.2,63,3,120
2021,5,28,0,37.3,28.6,64,3,230
2021,5,29,0,38.6,28.6,61,3,260
2021,5,30,2,35,27.5,75,3,280
2021,5,31,4,38.2,26.3,67,3,250
2021,6,1,1.5,36.5,27.6,65,3,20
2021,6,2,34.5,30.8,25.5,84,4,80
2021,6,3,0,32.1,27.3,80,3,250
2021,6,4,2,34.5,26.4,74,3,270
2021,6,5,0,34.4,27.5,75,4,270
2021,6,6,0,32.4,27.8,73,3,250
2021,6,7,3,33.4,27.5,81,2,250
2021,6,8,-1,31.8,26.4,81,2,220
2021,6,9,11,29.3,24.8,87,2,270
2021,6,10,10,34.6,26,80,2,110
2021,6,11,9,33.9,25.2,84,2,170
2021,6,12,-1,33.7,25.7,77,3,130
2021,6,13,8.5,34.1,25.3,69,2,220
2021,6,14,0,32.6,26.8,75,4,260
2021,6,15,0,32.5,27.5,75,4,260
2021,6,16,0,33.7,27.8,74,4,260
2021,6,17,0,33.7,27.6,74,4,250
2021,6,18,-1,33.6,27.8,72,4,280
2021,6,19,0.5,33.4,27,74,5,260
2021,6,20,1,33,25.5,79,4,260
2021,6,21,0.5,31.4,25.9,81,4,260
2021,6,22,5.5,33,25.2,76,4,260
2021,6,23,8.5,32.6,26,76,4,270
2021,6,24,-1,32.6,27.4,76,3,260
2021,6,25,2.5,32.5,26.6,81,2,250
2021,6,26,0,33.3,27.4,75,3,270
2021,6,27,0,35.2,27.5,78,2,280
2021,6,28,6.5,35,25.2,81,3,250
2021,6,29,0,33,27.1,75,3,260
2021,6,30,0,33.5,27.9,74,3,260
2021,7,1,1.5,34.5,25.6,70,3,260
2021,7,2,0,33.6,26.9,70,3,270
2021,7,3,37.5,30.1,24.9,88,2,30
2021,7,4,3,33.5,25.9,84,2,90
2021,7,5,19,31.9,26.6,85,2,120
2021,7,6,42.5,32,23.4,82,2,290
2021,7,7,-1,35,27.6,69,2,130
2021,7,8,0,34.6,26.7,70,2,100
2021,7,9,0,33,26.8,70,3,110
2021,7,10,2.5,33.4,26.3,73,2,80
2021,7,11,0,33.8,28.1,73,2,120
2021,7,12,0,34,28.9,73,2,120
2021,7,13,1.5,33.9,25.9,72,2,140
2021,7,14,12,34.2,25.6,76,1,360
2021,7,15,19,32.3,24.5,85,2,250
2021,7,16,0.5,31.9,26.1,81,3,270
2021,7,17,-1,31,26.5,81,3,230
2021,7,18,3.5,31.4,25.8,78,4,230
2021,7,19,13.5,31,25.7,85,3,250
2021,7,20,22,31,25.7,89,4,260
2021,7,21,83.5,26.6,24,96,3,250
2021,7,22,126,29.2,24.2,96,3,240
2021,7,23,79,29.4,24.4,91,4,260
2021,7,24,51,28,24.7,93,3,240
2021,7,25,9.5,29.7,25.2,91,4,240
2021,7,26,3,32.8,26,80,7,250
2021,7,27,37.5,32.1,24.9,89,7,250
2021,7,28,35,29.6,25.1,95,5,250
2021,7,29,4,28.7,25.4,90,4,230
2021,7,30,4,33,26.4,79,4,250
2021,7,31,-1,32.2,27.3,81,5,270
2021,8,1,0,33.4,28.2,75,6,250
2021,8,2,4,33.2,26.6,79,6,250
2021,8,3,-1,32.1,27.4,76,5,250
2021,8,4,0,33.2,28.2,75,5,230
2021,8,5,3,33.1,27,78,4,230
2021,8,6,0,32.8,27.7,80,5,240
2021,8,7,0,32.6,27.2,79,4,230
2021,8,8,0,33,26.5,75,4,270
2021,8,9,3.5,31.9,24.8,79,4,260
2021,8,10,4.5,30.9,24.8,81,3,250
2021,8,11,-1,31.2,26,83,2,260
2021,8,12,0,32.5,27.4,76,2,300
2021,8,13,-1,35.9,26.9,67,2,110
2021,8,14,2.5,35.2,25.7,75,2,80
2021,8,15,1,31.2,25.9,85,1,100
2021,8,16,0,35,25.9,67,2,130
2021,8,17,-1,33.3,26.1,72,2,110
2021,8,18,10,34.4,25.2,79,3,250
2021,8,19,7,32.3,25.5,79,3,280
2021,8,20,-1,32.6,26.2,81,2,290
2021,8,21,-1,33.1,25.8,80,2,180
2021,8,22,20,32.9,25.2,81,2,80
2021,8,23,14,33.5,25.6,83,2,250
2021,8,24,8,30.2,24.1,89,2,210
2021,8,25,-1,32.9,26,75,2,350
2021,8,26,1,31.3,25.2,84,2,130
2021,8,27,0.5,33.4,26.3,78,2,50
2021,8,28,0.5,32,26.4,78,2,120
2021,8,29,0.5,33.7,25.7,77,2,110
2021,8,30,5,32.8,25.8,79,2,300
2021,8,31,-1,33.1,26.9,74,2,130
2021,9,1,39.5,33.3,23,81,2,130
2021,9,2,-1,32.2,25.7,77,3,270
2021,9,3,3.5,32.2,24.8,75,3,300
2021,9,4,0.5,31.9,26.7,77,3,260
2021,9,5,1,32.6,26.2,80,2,260
2021,9,6,12,32.8,25.3,83,2,360
2021,9,7,30.5,30,24.7,84,2,10
2021,9,8,59.5,29.5,24.5,94,3,80
2021,9,9,0,32.5,26.3,80,2,250
2021,9,10,18,31.1,24.7,86,3,190
2021,9,11,5,29.7,25,89,2,230
2021,9,12,6,31.3,25.3,89,2,360
2021,9,13,0.5,32.4,25.5,77,1,360
2021,9,14,0,35,26.1,73,2,120
2021,9,15,-1,34.5,26.2,73,2,60
2021,9,16,21,31.7,24.2,85,2,270
2021,9,17,0,33.5,26.3,77,2,70
2021,9,18,0.5,34.2,26.5,72,3,120
2021,9,19,4,28.1,25.6,88,1,360
2021,9,20,3,31.1,26,84,2,360
2021,9,21,0,34.1,27.1,76,3,110
2021,9,22,0,33.9,27.1,72,3,110
2021,9,23,0,34.6,26,67,3,120
2021,9,24,-1,34.8,26.3,70,3,110
2021,9,25,-1,33.7,26.9,71,2,110
2021,9,26,4.5,33.8,25.7,73,2,300
2021,9,27,0,31.9,26.8,82,2,130
2021,9,28,0,33.2,27.4,79,2,170
2021,9,29,22.5,32.5,25.2,81,3,260
2021,9,30,-1,31.9,26.4,81,2,200
2021,10,1,0,32.1,26.1,82,3,260
2021,10,2,1,33.4,26,79,2,120
2021,10,3,12.5,32.1,24.8,83,2,20
2021,10,4,7.5,31.2,25.2,87,2,40
2021,10,5,11.5,29.4,25.8,89,1,360
2021,10,6,0.5,30.8,25.4,83,2,90
2021,10,7,-1,32.2,24.7,81,2,70
2021,10,8,-1,31.9,27,80,2,280
2021,10,9,-1,32.1,26.6,83,3,240
2021,10,10,0,31.7,26.4,79,3,290
2021,10,11,15,32.7,24.5,84,6,260
2021,10,12,7.5,31.8,24.9,87,3,210
2021,10,13,4,30.8,26,87,2,360
2021,10,14,20,30.6,25.4,88,2,360
2021,10,15,4,33.2,25.4,83,2,140
2021,10,16,0,33.7,26.1,75,2,110
2021,10,17,-1,33.3,26,73,2,120
2021,10,18,-1,30.1,24.9,83,2,120
2021,10,19,0,34,25.3,66,2,110
2021,10,20,-1,34.4,26.1,77,2,120
2021,10,21,3.5,31.6,24.9,77,2,360
2021,10,22,-1,32.6,25.7,74,2,110
2021,10,23,4,32.4,24.9,80,2,130
2021,10,24,0.5,29,25.3,81,2,70
2021,10,25,39,28.2,24,86,2,110
2021,10,26,0.5,33.5,25.4,76,2,110
2021,10,27,-1,33.5,25.4,73,2,120
2021,10,28,-1,30.9,25.1,72,2,100
2021,10,29,0,34,24.8,64,3,70
2021,10,30,0,33.5,24.5,67,3,110
2021,10,31,1,34,24.8,65,3,110
2021,11,1,0,33.7,25.4,72,3,120
2021,11,2,0,33.9,24.9,63,3,70
2021,11,3,0,34.1,26.7,62,3,100
2021,11,4,0,34.3,27.7,63,3,10
2021,11,5,0,33.4,25.9,72,2,120
2021,11,6,0,34.4,26,70,2,120
2021,11,7,0.5,34.8,26.1,73,2,120
2021,11,8,0,33.7,26.2,77,2,110
2021,11,9,0,34.3,25.8,71,2,100
2021,11,10,0,31.5,25.1,70,2,120
2021,11,11,0,34.7,25.9,68,2,120
2021,11,12,15,33.1,25,71,2,120
2021,11,13,1,34,25.9,80,2,120
2021,11,14,0,32.6,26.2,70,3,120
2021,11,15,11.5,32,25.2,81,2,110
2021,11,16,-1,34.5,25.8,74,2,130
2021,11,17,0,33.9,25.7,74,2,120
2021,11,18,0,33.1,26.7,75,2,120
2021,11,19,0,33.2,26.2,75,2,150
2021,11,20,5,30.6,25,82,2,180
2021,11,21,3.5,32.3,25.7,83,2,360
2021,11,22,0,33.3,25.8,74,2,110
2021,11,23,1,32.1,25.6,72,2,100
2021,11,24,0.5,33.9,25.8,67,3,80
2021,11,25,0.5,32.7,26,75,2,120
2021,11,26,-1,30,25.7,83,2,110
2021,11,27,1.5,33,25.8,74,2,80
2021,11,28,4,28.2,25.1,86,1,70
2021,11,29,1,33.2,26.2,74,2,120
2021,11,30,3.5,32.6,26.7,78,2,360
2021,12,1,-1,31.4,25,73,2,100
2021,12,2,0,32.3,23.3,64,3,100
2021,12,3,0,32,22.8,63,3,100
2021,12,4,0,30.7,22.5,67,3,110
2021,12,5,0,31.1,22.3,65,2,90
2021,12,6,0,30.6,23,66,2,110
2021,12,7,-1,30.2,23.4,70,2,360
2021,12,8,0,31.9,25.1,62,3,90
2021,12,9,0,31.2,23.8,63,2,90
2021,12,10,0,32.7,24.4,65,3,80
2021,12,11,-1,29.4,25.1,73,2,100
2021,12,12,0,30.6,24.8,75,2,130
2021,12,13,0,31.2,24.8,70,3,110
2021,12,14,0,32,23.2,66,3,80
2021,12,15,0,30.3,23.6,69,3,20
2021,12,16,-1,32.3,26.3,66,4,30
2021,12,17,4,30.9,25.4,78,3,70
2021,12,18,41.5,32.7,23.5,80,3,10
2021,12,19,12,26.3,23.7,93,2,60
2021,12,20,0,32.7,25.1,79,2,120
2021,12,21,0,33.2,26.7,74,2,130
2021,12,22,3,31.5,25.1,84,1,360
2021,12,23,0,33,24.1,74,2,130
2021,12,24,-1,32.5,24.3,75,2,130
2021,12,25,0,33,24.7,70,2,290
2021,12,26,4.5,31.6,24,80,2,90
2021,12,27,-1,29.5,24.9,74,2,90
2021,12,28,-1,30.3,23.6,68,3,90
2021,12,29,0,31.1,24.1,66,3,70
2021,12,30,0,31.7,22.4,61,3,110
2021,12,31,0,31.4,23.4,62,3,70
2022,1,1,0,30.2,23.5,62,4,70
2022,1,2,0,29.5,22.4,64,3,110
2022,1,3,0,30.9,23.5,62,4,80
2022,1,4,0,31.3,23.2,66,3,110
2022,1,5,0,31.6,24.2,69,3,120
2022,1,6,0,30.1,22.3,69,3,100
2022,1,7,0,32.1,23.4,65,3,120
2022,1,8,0,31.5,24.2,72,2,130
2022,1,9,0,32.1,23.7,74,2,180
2022,1,10,0,31.9,25.1,75,2,260
2022,1,11,0,31.6,23.2,65,4,10
2022,1,12,-1,30.6,23.8,71,3,110
2022,1,13,0,29.2,22.7,72,3,100
2022,1,14,0,29.6,22.4,71,3,110
2022,1,15,0,30.1,21,69,3,80
2022,1,16,0,31.1,20.4,67,3,110
2022,1,17,0,31.2,21.3,66,2,120
2022,1,18,0,30.4,23.3,66,2,110
2022,1,19,-1,29.9,24.3,71,2,110
2022,1,20,0.5,31.4,24.3,75,2,120
2022,1,21,0,30.5,24.8,75,2,110
2022,1,22,0,32.5,24.6,70,3,110
2022,1,23,0,32.5,25.1,73,3,120
2022,1,24,-1,32.4,24,75,2,120
2022,1,25,0,33.1,25.5,61,2,80
2022,1,26,11,30.2,24.9,82,2,100
2022,1,27,0,32.8,25.8,76,3,110
2022,1,28,0,33.2,25.2,72,2,120
2022,1,29,0,32.9,25.8,78,3,260
2022,1,30,-1,31.5,25.3,80,4,270
2022,1,31,0,33.4,25.3,67,3,120
2022,2,1,0,32.2,23,67,3,120
2022,2,2,0,32.5,25.4,63,3,90
2022,2,3,0,30.6,23.8,73,2,100
2022,2,4,0,33,23.6,65,2,110
2022,2,5,0,32.1,25.9,62,4,110
2022,2,6,0,32.6,25.3,65,4,110
2022,2,7,0.5,32.7,24.5,75,2,120
2022,2,8,0,32.8,24.6,72,3,110
2022,2,9,0,33.2,23.4,65,3,120
2022,2,10,0,33.3,24.1,64,3,110
2022,2,11,0,32.9,23.8,68,3,110
2022,2,12,0,33.2,25.4,68,3,110
2022,2,13,1,32.3,24.7,74,3,110
2022,2,14,-1,31.7,25.1,76,2,110
2022,2,15,0,33.5,24.6,71,3,130
2022,2,16,0,32.8,24.8,69,3,130
2022,2,17,-1,31.7,24.4,75,3,120
2022,2,18,0,33.6,23.5,68,2,130
2022,2,19,0,33.3,25.6,68,3,120
2022,2,20,0,33.9,24.7,66,3,170
2022,2,21,-1,32.8,24.4,71,3,90
2022,2,22,18,30.4,24,87,2,110
2022,2,23,0,30.7,23.5,70,2,100
2022,2,24,0,33.5,24.9,64,3,120
2022,2,25,-1,33.1,24.8,67,3,110
2022,2,26,-1,33.3,24.3,65,3,70
2022,2,27,0,33.3,24.3,66,3,110
2022,2,28,0,33.7,24.7,60,3,110
2022,3,1,0,33.9,24.1,61,3,120
2022,3,2,0,34,24.4,64,3,130
2022,3,3,0,33.4,24.4,68,4,110
2022,3,4,0,32.9,24.1,69,3,120
2022,3,5,0,34.2,24.7,65,2,130
2022,3,6,0,33.8,23.9,66,3,130
2022,3,7,0,33.2,25.4,61,2,280
2022,3,8,0,32.9,26.4,64,3,100
2022,3,9,0,32.5,25.3,66,4,120
2022,3,10,-1,33.5,25.2,65,3,130
2022,3,11,0,34.6,26.5,71,2,130
2022,3,12,12.5,34.5,25,76,3,80
2022,3,13,0,32.5,26.1,75,3,110
2022,3,14,63.5,33.5,24.7,80,2,240
2022,3,15,0,34.7,25.9,71,2,140
2022,3,16,0,34.8,26,68,3,140
2022,3,17,0,35,26.3,67,3,130
2022,3,18,13,35.2,26.8,74,3,300
2022,3,19,0,35.7,26.3,69,3,120
2022,3,20,0,35,27.3,63,3,120
2022,3,21,0,33.9,26.4,66,3,110
2022,3,22,0,35.1,26.3,67,2,130
2022,3,23,4.5,35.1,25.2,68,3,130
2022,3,24,0,34.8,27.7,64,4,110
2022,3,25,0,34.8,26.9,63,3,120
2022,3,26,0,35.3,27.4,64,3,140
2022,3,27,0,34.5,25.6,66,3,100
2022,3,28,0,34.8,27,64,4,110
2022,3,29,0,34,27,67,4,100
2022,3,30,-1,34.6,26.3,65,3,120
2022,3,31,0,35.1,27.1,65,4,110
2022,4,1,3.5,34.2,24.7,72,3,90
2022,4,2,0,34.1,23.4,61,3,100
2022,4,3,0,33.7,24.2,61,3,120
2022,4,4,13.5,34.6,24.8,59,3,70
2022,4,5,30,27.6,23.9,94,2,70
2022,4,6,1,31.6,25.2,78,2,120
2022,4,7,0,33.6,25.9,71,2,100
2022,4,8,0.5,30.6,25.5,76,2,130
2022,4,9,2.5,33.5,25.2,70,2,120
2022,4,10,0,32.9,25.9,72,2,90
2022,4,11,-1,33.2,26.2,71,2,110
2022,4,12,4.5,30.9,25.8,79,2,260
2022,4,13,0,32,26.4,78,2,120
2022,4,14,0,32.7,26.5,71,4,270
2022,4,15,0,32.9,26.1,72,3,270
2022,4,16,-1,33.9,26.7,71,2,120
2022,4,17,-1,30.7,26.9,71,3,110
2022,4,18,0,33.9,24.3,63,4,110
2022,4,19,0,33.8,25.8,63,3,110
2022,4,20,0,33.5,26,66,3,120
2022,4,21,0,35.6,26.9,65,3,120
2022,4,22,0,34.9,26,64,3,110
2022,4,23,0,35,27,60,3,130
2022,4,24,-1,35.7,28.1,65,3,120
2022,4,25,0,34.2,26.9,69,4,120
2022,4,26,0,35.4,27.1,66,3,110
2022,4,27,4.5,35.6,26.2,65,3,120
2022,4,28,0,35.1,27.7,67,3,120
2022,4,29,0,35.5,27.5,66,3,120
2022,4,30,0,35.5,27.5,66,4,120
2022,5,1,0,35.1,27.8,62,4,120
2022,5,2,0,35,26.8,60,3,120
2022,5,3,0,35.1,26.2,63,3,110
2022,5,4,0,35.6,26.5,58,3,120
2022,5,5,0,36,25.8,60,3,110
2022,5,6,0,35.9,28.2,61,3,120
2022,5,7,0,35.6,27.6,63,3,120
2022,5,8,0,36,25.4,61,3,110
2022,5,9,0,35.2,25.7,61,4,110
2022,5,10,0,35.5,28,58,3,120
2022,5,11,0,36,27.7,60,3,120
2022,5,12,0,36,27.9,60,3,120
2022,5,13,4.5,36.9,28.5,66,2,120
2022,5,14,0,35.6,28.3,73,3,90
2022,5,15,59.5,35.7,24.2,84,2,110
2022,5,16,1,34.6,25.5,82,2,120
2022,5,17,8.5,32.6,25.5,83,2,130
2022,5,18,3,34.2,25.7,87,2,110
2022,5,19,8,33.8,25.6,86,2,110
2022,5,20,4.5,33.9,24.2,84,2,180
2022,5,21,0.5,32,26.2,76,2,270
2022,5,22,4,34.3,26,79,2,80
2022,5,23,10.5,34.5,25.6,83,2,140
2022,5,24,0,35.5,27,69,2,250
2022,5,25,0.5,35.1,26.5,78,1,180
2022,5,26,-1,34.2,26,74,3,100
2022,5,27,39,36.4,26.1,70,2,120
2022,5,28,13.5,29.7,25.3,85,2,210
2022,5,29,-1,32.6,26.4,78,3,270
2022,5,30,3,35.9,25.2,73,2,130
2022,5,31,7.5,32.4,24.6,77,2,130
2022,6,1,11.5,30.7,25.1,89,1,100
2022,6,2,-1,33.5,26.4,78,3,270
2022,6,3,0,32.9,27,75,3,260
2022,6,4,0,33.2,27,72,3,260
2022,6,5,3,35.5,27.2,74,3,170
2022,6,6,0,33,27.4,73,3,190
2022,6,7,15.5,32.4,26,76,3,260
2022,6,8,45,32.6,26.2,79,2,270
2022,6,9,0,35.3,27.7,69,2,110
2022,6,10,0,36.2,27,66,2,110
2022,6,11,0,35.6,27.7,69,2,160
2022,6,12,5.5,33,27.7,79,2,280
2022,6,13,26.5,36.2,25,76,3,260
2022,6,14,28,36.1,25.2,74,2,250
2022,6,15,0,35,27.1,76,2,80
2022,6,16,0,34.5,26.8,69,3,120
2022,6,17,0,36,28,64,3,120
2022,6,18,0,35.1,26.7,72,2,130
2022,6,19,20.5,35,23.8,78,2,90
2022,6,20,0,34.1,26.5,74,2,310
2022,6,21,0,33.4,26.4,70,2,120
2022,6,22,14,35.5,24.2,73,2,140
2022,6,23,-1,33,25.9,76,2,120
2022,6,24,0,32.6,26.9,74,2,220
2022,6,25,0,32.5,26.2,75,2,250
2022,6,26,3.5,33,26,81,2,210
2022,6,27,0,31.9,26.3,81,2,170
2022,6,28,31.5,32.4,24.6,83,2,130
2022,6,29,4.5,33.4,25.8,74,1,110
2022,6,30,1.5,34.2,25.5,73,3,130
2022,7,1,0.5,32.3,25.3,78,4,230
2022,7,2,0,33.4,27.1,73,2,120
2022,7,3,0,33.9,27.6,73,2,280
2022,7,4,3.5,34,25.9,80,2,30
2022,7,5,0.5,32.6,24.9,74,1,160
2022,7,6,11,33,26.5,81,2,320
2022,7,7,1,31.7,26,89,2,210
2022,7,8,2.5,31.9,27.3,81,2,120
2022,7,9,16,35,25.6,79,3,100
2022,7,10,0.5,35.2,26.6,74,2,130
2022,7,11,15.5,35.9,25.9,78,2,90
2022,7,12,7.5,31.2,26.6,85,2,260
2022,7,13,-1,31.7,26.6,79,3,270
2022,7,14,-1,32.8,26.7,82,3,260
2022,7,15,12,33.3,23.5,79,3,260
2022,7,16,18,33.4,23.7,84,3,30
2022,7,17,7,31.3,25.1,87,2,260
2022,7,18,1.5,32.9,26,85,2,80
2022,7,19,-1,34.5,27.8,76,3,120
2022,7,20,2.5,33.7,25.8,72,2,90
2022,7,21,1,30.3,25.4,83,2,130
2022,7,22,0,32.8,26.2,77,2,300
2022,7,23,0,34.2,27,79,2,230
2022,7,24,0,34.7,27.5,72,2,180
2022,7,25,9.5,33.6,26.1,77,2,120
2022,7,26,19.5,33.2,24.9,82,2,110
2022,7,27,0,32.6,27.2,80,4,250
2022,7,28,1.5,32.2,26.4,81,4,260
2022,7,29,1.5,31.1,26,86,3,230
2022,7,30,41.5,30.6,24.7,91,2,260
2022,7,31,6.5,31.4,25.5,89,2,300
2022,8,1,4.5,31.8,24.7,86,3,280
2022,8,2,0,32.3,26,84,1,260
2022,8,3,0.5,34.3,25.3,77,2,120
2022,8,4,13,32.9,24.2,83,2,120
2022,8,5,41.5,28.5,24.7,94,2,250
2022,8,6,16.5,29.6,25.3,86,2,250
2022,8,7,41.5,32.2,24.1,87,2,170
2022,8,8,6,29.7,24.5,91,2,110
2022,8,9,0.5,31,25.7,80,2,280
2022,8,10,0.5,32.6,26.4,76,2,270
2022,8,11,0,31.9,25.9,80,2,260
2022,8,12,-999,32.4,24.8,78,3,240
2022,8,13,-999,31.9,24.4,83,3,280
2022,8,14,-999,31.3,25.1,82,2,280
2022,8,15,-999,30.1,24.8,92,2,250
2022,8,16,0,32.2,25.9,79,3,270
2022,8,17,-999,31.5,25.7,78,3,260
2022,8,18,-999,31.1,25.4,85,2,280
2022,8,19,0,34.4,26.1,77,2,180
2022,8,20,0,34.4,25.8,79,2,240
2022,8,21,-999,32.2,27.5,78,3,280
2022,8,22,-999,30.9,24.4,81,6,250
2022,8,23,-999,28,24,93,3,240
2022,8,24,-999,29.6,25.3,87,1,80
2022,8,25,0,35.2,26.5,72,2,80
2022,8,26,-999,33,24.1,81,2,270
2022,8,27,-999,31.3,26.1,82,2,140
2022,8,28,26.5,34.2,25,83,2,260
2022,8,29,6,32.5,25.1,81,3,270
2022,8,30,8,32.3,26.1,84,2,210
2022,8,31,0.5,30.3,26,83,2,230
2022,9,1,36,31.9,25.7,82,5,250
2022,9,2,16.5,31.8,24,92,4,250
2022,9,3,44.5,30,24,94,3,280
2022,9,4,0.5,33,26,87,4,270
2022,9,5,0,31.5,26.4,80,3,260
2022,9,6,26,34.6,24.9,78,2,70
2022,9,7,0,35.3,27,71,2,120
2022,9,8,47,34.1,23.7,76,3,270
2022,9,9,17,33.3,24.7,83,2,260
2022,9,10,35.5,29.8,25,88,2,250
2022,9,11,0,31.3,26.1,83,4,230
2022,9,12,0,31.5,26.8,83,4,260
2022,9,13,1,31.7,26.2,81,4,260
2022,9,14,1,31,25.5,89,4,250
2022,9,15,0,31.7,25.4,84,3,240
2022,9,16,-1,31,24.9,80,4,260
2022,9,17,-1,31.1,26,79,4,260
2022,9,18,8,32.4,24.9,82,4,220
2022,9,19,34.5,29.3,24,92,2,220
2022,9,20,8.5,27.6,24.4,93,2,220
2022,9,21,0.5,32.8,25.5,81,4,230
2022,9,22,14.5,30.4,25.3,86,2,270
2022,9,23,20.5,32.7,25,84,3,240
2022,9,24,-1,32.4,27,77,2,290
2022,9,25,45,28.4,23.3,91,6,230
2022,9,26,35,33.2,25.9,86,3,110
2022,9,27,13.5,33.5,25.6,80,2,80
2022,9,28,43.5,32.8,25.4,80,2,250
2022,9,29,-1,31,26,81,2,350
2022,9,30,-1,32.2,26,74,2,130
2022,10,1,-1,33.5,26.2,67,3,120
2022,10,2,0.5,32.5,26.5,74,3,80
2022,10,3,3.5,30.1,26.2,87,1,330
2022,10,4,0,33,27.2,73,2,100
2022,10,5,0,31.6,26.8,74,2,100
2022,10,6,0,34.2,27.1,67,3,100
2022,10,7,1,34.4,24.4,74,3,100
2022,10,8,-1,32.4,26.7,73,2,100
2022,10,9,0,33.6,27,64,2,50
2022,10,10,0,33.2,27.3,67,3,260
2022,10,11,0,32.4,27,71,3,250
2022,10,12,-1,32.4,27.4,70,3,230
2022,10,13,0,32.9,26.4,76,2,20
2022,10,14,-1,33.4,27.8,73,4,260
2022,10,15,0,32.9,28.5,68,7,260
2022,10,16,2,31.2,26.1,77,5,250
2022,10,17,3,31.1,26.6,78,3,230
2022,10,18,10,31.1,25,77,2,240
2022,10,19,16,32,25.2,83,2,60
2022,10,20,0.5,31.8,25,78,2,30
2022,10,21,-1,33.6,26.8,77,2,100
2022,10,22,0,33.6,27,72,2,100
2022,10,23,1,33.1,26.3,73,2,110
2022,10,24,-1,32.6,27.1,72,2,90
2022,10,25,65,29.8,24,91,2,40
2022,10,26,0,31.6,26.2,69,2,20
2022,10,27,0,31.4,27,67,2,340
2022,10,28,32,29.9,25.2,77,4,330
2022,10,29,178,27.4,24.4,93,7,320
2022,10,30,6.5,30.2,25.2,82,4,130
2022,10,31,1,30.8,24.8,86,3,130
2022,11,1,8,30.1,25.2,83,2,240
2022,11,2,5.5,31.6,25.5,83,2,270
2022,11,3,0.5,32.8,25.5,81,2,120
2022,11,4,2,31.8,25.2,79,2,120
2022,11,5,13,31.1,25.4,75,2,290
2022,11,6,0,30.2,25.4,73,2,120
2022,11,7,-1,32.4,26.4,77,2,100
2022,11,8,0,30.8,25,75,2,120
2022,11,9,0,32.4,26,73,2,90
2022,11,10,4.5,33.8,25.9,80,2,100
2022,11,11,0,31.8,26.6,73,2,110
2022,11,12,7,30.1,25.8,79,2,30
2022,11,13,0,31.1,26.5,74,2,150
2022,11,14,0,33.5,26.8,70,3,110
2022,11,15,1,31.1,25.2,75,2,60
2022,11,16,9,33.4,25,74,3,100
2022,11,17,3,31.6,24.8,76,3,100
2022,11,18,3.5,31.2,25.3,83,2,80
2022,11,19,13.5,29,24.7,87,2,360
2022,11,20,10,31.5,25.2,78,3,100
2022,11,21,2.5,31.4,25.2,81,2,110
2022,11,22,-1,32.4,26.6,71,3,110
2022,11,23,0,32.6,27.2,71,3,100
2022,11,24,1,33,26,67,3,110
2022,11,25,-1,32.8,26,74,3,110
2022,11,26,0,32.2,25.6,68,2,110
2022,11,27,0,31.6,25.5,68,3,110
2022,11,28,0,31.2,26.6,69,2,80
2022,11,29,0,33.9,23,72,3,110
2022,11,30,5.5,31.3,25.2,75,3,100
2022,12,1,4.5,33.2,25.8,76,2,70
2022,12,2,-1,32.8,26.9,68,3,50
2022,12,3,-1,33,26.6,71,3,100
2022,12,4,-1,32.1,26.4,73,2,80
2022,12,5,0,30.8,25.6,74,2,110
2022,12,6,0,32.4,26.2,71,3,100
2022,12,7,0,33,26.2,68,2,110
2022,12,8,0.5,31.4,26.4,68,2,100
2022,12,9,3,28.3,25.4,86,2,100
2022,12,10,13.5,29.8,25,86,2,140
2022,12,11,0,30.4,25.4,78,2,270
2022,12,12,0,29.9,26.2,77,2,120
2022,12,13,0,32.1,26.8,73,2,100
2022,12,14,1.5,30,26.2,80,2,320
2022,12,15,8.5,33,25.5,84,2,100
2022,12,16,0,32.6,26.4,70,3,100
2022,12,17,21.5,29.9,25.3,78,2,270
2022,12,18,0.5,28.9,25.5,71,2,10
2022,12,19,-1,30.1,24.6,74,2,70
2022,12,20,6.5,28.6,24.7,86,2,20
2022,12,21,-1,29.9,24.8,76,3,10
2022,12,22,0,30.2,25.5,69,2,10
2022,12,23,0,30,25,61,3,90
2022,12,24,0,29.6,24.2,61,4,80
2022,12,25,0,28.4,24,63,5,70
2022,12,26,0,28.9,23.8,66,4,110
2022,12,27,0,28.5,23.7,72,3,110
2022,12,28,-1,30,24.6,69,2,110
2022,12,29,2.5,29.3,24.7,73,2,10
2022,12,30,0,31.4,24.9,73,2,120
2022,12,31,-1,28.9,25.4,76,2,130
2023,1,1,1.5,30.3,24.9,79,2,110
2023,1,2,13,30.6,24.7,77,2,30
2023,1,3,5.5,28.9,25,86,3,40
2023,1,4,22,29.2,24,80,2,350
2023,1,5,17,25.8,24.2,93,2,340
2023,1,6,7,29.4,24.8,86,3,100
2023,1,7,0,30.2,24.2,66,4,90
2023,1,8,-1,28.3,23.6,68,3,110
2023,1,9,0,28.9,23.9,70,2,100
2023,1,10,0,28.9,24.6,74,2,280
2023,1,11,0,31.6,24.6,68,2,90
2023,1,12,0,31.2,24.4,65,2,80
2023,1,13,0,30.4,24.8,75,2,110
2023,1,14,-1,29,24.4,78,2,130
2023,1,15,10.5,30,24.3,83,2,360
2023,1,16,0,30.2,25.1,72,3,70
2023,1,17,0,29.9,25.2,66,2,110
2023,1,18,5.5,29.6,25.1,74,2,270
2023,1,19,0,29.6,25.4,68,2,80
2023,1,20,0,30.2,24.7,71,3,110
2023,1,21,0.5,29.8,24.9,74,2,70
2023,1,22,0,30.9,24.7,70,3,100
2023,1,23,0,32.1,25.3,66,3,110
2023,1,24,0,33,25.2,58,4,80
2023,1,25,0,29.6,23.6,62,4,70
2023,1,26,0,30.8,24.9,68,3,110
2023,1,27,-1,28.4,23.8,70,2,40
2023,1,28,0,30,24,63,3,80
2023,1,29,0,29.3,23.4,66,3,90
2023,1,30,0,30.1,24.7,68,3,80
2023,1,31,0,30.4,23.8,68,3,100
2023,2,1,-1,31,25.3,67,3,130
2023,2,2,0,32.9,24.4,75,3,110
2023,2,3,0,31.8,24,68,3,120
2023,2,4,0,31.7,22.6,66,3,120
2023,2,5,-1,32,25.3,70,5,110
2023,2,6,0.5,32.2,24.4,75,2,110
2023,2,7,8,32.1,23.8,82,2,110
2023,2,8,0.5,32,23.2,76,3,120
2023,2,9,0,31.3,23.5,66,2,110
2023,2,10,0,33.3,22.7,65,3,110
2023,2,11,0,32.7,24,71,3,110
2023,2,12,0,33.5,23.1,66,3,100
2023,2,13,0,31.5,23.2,69,2,130
2023,2,14,0,32.3,22.8,67,2,120
2023,2,15,0,33.1,24.4,56,4,90
2023,2,16,0,32.2,22.7,59,4,90
2023,2,17,0,32.1,23.9,60,3,80
2023,2,18,1.5,31.1,23.4,64,4,20
2023,2,19,2,27.7,23.7,89,2,270
2023,2,20,1,32.4,25.3,88,2,120
2023,2,21,1.5,29.4,22.9,78,2,120
2023,2,22,0,31.2,24.1,69,2,300
2023,2,23,0,31.6,25.2,76,3,270
2023,2,24,0,32.6,25.4,71,2,300
2023,2,25,0,34.1,26.4,67,3,120
2023,2,26,0,33.3,25.6,62,4,80
2023,2,27,0,32.5,24.5,58,4,80
2023,2,28,0,31.9,23.4,63,2,140
2023,3,1,0,31.6,25,72,3,120
2023,3,2,0,31.7,22,64,3,100
2023,3,3,0,32.6,23.3,58,3,90
2023,3,4,0,32.1,22.6,65,2,110
2023,3,5,0,32.6,21.7,60,3,120
2023,3,6,0,32,22.4,59,3,90
2023,3,7,0,31.3,22.8,63,2,120
2023,3,8,0,31.4,23.1,67,2,120
2023,3,9,0,32.7,23.9,64,2,120
2023,3,10,1.5,32.1,22.1,72,3,120
2023,3,11,0,31.4,21.9,66,3,120
2023,3,12,-1,32.8,23.8,62,3,110
2023,3,13,-1,30.5,22.7,74,2,120
2023,3,14,0,32.5,23.8,64,3,120
2023,3,15,-1,33.4,24.4,68,3,120
2023,3,16,0,34,24.5,61,3,120
2023,3,17,0,32.8,24.2,66,3,120
2023,3,18,0,33.8,24.8,59,3,120
2023,3,19,0,33.7,25,59,3,120
2023,3,20,0,33.4,23.7,65,3,120
2023,3,21,0,33,24.7,63,3,130
2023,3,22,0,34.1,25.7,65,4,130
2023,3,23,0,35.2,26,63,3,120
2023,3,24,0,35.2,27.8,64,3,110
2023,3,25,0,35.1,26.1,65,3,120
2023,3,26,0,34.5,25.7,65,2,120
2023,3,27,0,34.4,25,62,3,120
2023,3,28,0,35.5,25.2,62,3,120
2023,3,29,0,34.3,24.7,63,3,130
2023,3,30,0,34.7,26.8,64,4,130
2023,3,31,0,34.7,25.9,67,3,120
2023,4,1,0,35.1,26.4,63,2,140
2023,4,2,0,35.1,26.8,66,2,120
2023,4,3,7.5,33.8,24.1,69,3,120
2023,4,4,0,31,25.4,70,3,120
2023,4,5,0,32.8,26,62,3,130
2023,4,6,0,34.4,26.3,60,3,130
2023,4,7,0,34.1,26.6,66,2,120
2023,4,8,0,35.7,27,79,3,110
2023,4,9,0,32.8,25,68,4,120
2023,4,10,-1,34.1,23.5,64,2,120
2023,4,11,0,33.3,26.3,72,2,200
2023,4,12,7.5,29.7,24.7,81,2,120
2023,4,13,66.5,27.9,23.2,92,3,260
2023,4,14,2,32.3,25.1,88,2,120
2023,4,15,0,32.9,26.4,79,2,280
2023,4,16,0,33,27.1,78,3,280
2023,4,17,0,35.3,26.8,71,2,120
2023,4,18,0,35.4,27.7,65,3,120
2023,4,19,-1,35.6,27.8,65,3,130
2023,4,20,0,36.2,27.9,67,3,120
2023,4,21,0,34.6,28.6,72,3,260
2023,4,22,4,35.9,25.8,63,2,110
2023,4,23,0,35.5,28.6,63,3,120
2023,4,24,14.5,33.5,25.3,72,2,140
2023,4,25,0,34.3,27.3,67,3,120
2023,4,26,0,34.8,27.1,63,3,120
2023,4,27,0,35,25.7,61,3,120
2023,4,28,0,35.5,26.3,61,3,130
2023,4,29,0,34.6,27.6,65,3,120
2023,4,30,0,36,26.6,80,3,120
2023,5,1,0,35.9,26.7,65,3,110
2023,5,2,0,36.2,27,59,3,110
2023,5,3,0,36.4,27.5,60,3,90
2023,5,4,2,34.5,27.3,69,3,110
2023,5,5,0,36.2,27.8,67,4,120
2023,5,6,0,35.5,28.3,68,3,120
2023,5,7,0,36.4,28.4,67,3,250
2023,5,8,0,37.4,26.4,67,3,310
2023,5,9,2,35.8,27.4,67,2,120
2023,5,10,0.5,34.5,26.5,74,2,80
2023,5,11,0,33.7,28.1,73,3,120
2023,5,12,0,34.2,27.7,72,2,120
2023,5,13,0,35.8,28.8,66,3,150
2023,5,14,3,34.1,27.4,77,3,230
2023,5,15,4,34.9,25.6,76,4,260
2023,5,16,1.5,32.9,26.1,83,3,220
2023,5,17,-1,32.9,28.3,78,3,190
2023,5,18,-1,33.6,27.7,76,3,280
2023,5,19,17.5,33.1,27.2,75,3,270
2023,5,20,33,31.8,24.6,81,2,260
2023,5,21,-1,33.6,27.7,77,3,270
2023,5,22,2.5,32.8,27.5,78,3,260
2023,5,23,0,33.4,27.1,78,6,260
2023,5,24,13,34.9,25.8,84,2,260
2023,5,25,47.5,33.9,24.1,79,2,280
2023,5,26,4,33.7,26.6,85,2,130
2023,5,27,-1,32.9,26.6,78,3,280
2023,5,28,0,32.9,29.2,73,6,260
2023,5,29,0,34.3,29.3,73,7,290
2023,5,30,2,33.2,26.9,78,6,250
2023,5,31,33.5,33,23,84,7,260
2023,6,1,8,32.4,23.8,77,5,250
2023,6,2,1,31.3,25.5,81,4,260
2023,6,3,0,31.9,26.8,71,3,260
2023,6,4,0.5,35.5,26.8,76,2,260
2023,6,5,0,35.8,28,71,2,120
2023,6,6,10,33,25.2,84,2,310
2023,6,7,5.5,33.6,26.9,90,2,280
2023,6,8,9.5,32.6,26.4,78,3,250
2023,6,9,-1,32.1,26.1,78,5,260
2023,6,10,48.5,31.4,24.7,83,3,250
2023,6,11,25,29.6,24.5,92,3,240
2023,6,12,6,31.9,25.2,90,2,220
2023,6,13,0,32.6,27.1,80,3,260
2023,6,14,-1,32.5,27.4,80,4,220
2023,6,15,19.5,32.6,26.2,83,3,270
2023,6,16,3.5,34.4,24.8,70,3,130
2023,6,17,0,35.6,26.9,62,3,110
2023,6,18,0,35.4,27.5,69,2,150
2023,6,19,18.5,35.2,25.8,77,3,70
2023,6,20,0,33.5,27.4,77,2,280
2023,6,21,0.5,34.4,27.7,72,2,260
2023,6,22,13.5,36.3,25.4,67,2,260
2023,6,23,0,35.5,27.4,67,2,110
2023,6,24,-1,34.7,27.1,74,3,110
2023,6,25,5,31.9,25.4,74,2,110
2023,6,26,1.5,33.3,26.5,81,2,80
2023,6,27,68.5,32,24.8,83,2,300
2023,6,28,17,34.3,25.8,78,2,130
2023,6,29,3,31.3,26.4,86,2,260
2023,6,30,0,31.8,27.1,92,3,260
2023,7,1,-1,35.8,27.3,74,2,110
2023,7,2,24,34.7,23.9,83,2,270
2023,7,3,0,35,27.7,73,3,120
2023,7,4,0,34.3,27,71,2,120
2023,7,5,0,35.6,28.8,66,3,120
2023,7,6,0,36.3,28.4,68,3,110
2023,7,7,0,35.5,27.1,68,2,290
2023,7,8,-1,35.4,27.4,67,2,110
2023,7,9,-1,34.9,27.3,75,2,210
2023,7,10,0,35.3,27.3,65,2,120
2023,7,11,4,34.5,26.2,71,2,280
2023,7,12,86,32.2,25.7,91,2,270
2023,7,13,32.5,27.4,25.4,91,3,230
2023,7,14,37.5,30.6,24.9,87,3,220
2023,7,15,28.5,31.2,24,75,3,230
2023,7,16,12,31.1,24.7,89,2,200
2023,7,17,0,33.2,26.6,75,2,240
2023,7,18,-1,32.7,26.4,79,2,290
2023,7,19,15.5,32.4,25.4,89,2,260
2023,7,20,-1,32.3,26.7,79,2,130
2023,7,21,0,34.7,27.5,75,2,230
2023,7,22,3,32,26.2,85,3,270
2023,7,23,5,32.2,25.2,81,4,260
2023,7,24,9.5,31.3,27,87,4,250
2023,7,25,33.5,32.1,25.4,84,8,260
2023,7,26,30,30.3,23.6,85,6,250
2023,7,27,34.5,31.1,25,85,4,230
2023,7,28,32,30.4,24,93,4,220
2023,7,29,74,30.6,24.3,89,2,260
2023,7,30,6.5,28.4,25.6,92,3,260
2023,7,31,34,30.7,25.4,96,3,260
2023,8,1,15.5,28.6,25.3,95,2,230
2023,8,2,25,30.6,25.4,98,3,230
2023,8,3,2,32,26.2,85,3,230
2023,8,4,0,32.6,26.9,80,3,220
2023,8,5,0,31.9,28,85,7,260
2023,8,6,-1,32.2,26.6,81,7,250
2023,8,7,33,32.4,26,85,7,250
2023,8,8,3.5,31.8,27.5,85,6,260
2023,8,9,-1,32.5,28.3,78,5,260
2023,8,10,0,32.8,27.7,79,5,260
2023,8,11,-1,32.2,27.1,80,5,260
2023,8,12,0,32.5,27.9,80,4,260
2023,8,13,11.5,32.8,27,81,4,230
2023,8,14,5.5,32.3,26.9,82,4,260
2023,8,15,0.5,32.3,27.1,80,5,250
2023,8,16,1,32.2,27.4,82,5,260
2023,8,17,-1,32.2,27.2,78,4,260
2023,8,18,0.5,32.7,26.9,80,4,260
2023,8,19,-1,32.6,27,74,3,230
2023,8,20,7.5,32.5,25.9,76,4,260
2023,8,21,33.5,31.8,26.7,81,4,260
2023,8,22,29,31.1,24.5,87,3,260
2023,8,23,61.5,32,24.9,81,3,240
2023,8,24,0,31.2,26.8,81,4,260
2023,8,25,0,32.3,28.3,78,6,250
2023,8,26,22.5,30.8,25.2,86,7,260
2023,8,27,3.5,29.2,25.8,90,6,260
2023,8,28,0,32.4,26.9,85,6,260
2023,8,29,3.5,30.3,26.8,84,6,240
2023,8,30,38,31.5,24.2,84,4,250
2023,8,31,32,30.8,25.7,91,3,250
2023,9,1,52.5,32.1,24.6,92,4,240
2023,9,2,49.5,31.9,25.9,89,4,250
2023,9,3,24.5,30.6,25.2,92,3,240
2023,9,4,10.5,30.2,25.4,91,3,250
2023,9,5,7,30.6,26.5,92,3,230
2023,9,6,0,32.8,27.2,80,3,280
2023,9,7,1,33.6,26.9,80,3,250
2023,9,8,3,33.6,25.4,79,3,270
2023,9,9,0,34,27.9,79,3,250
2023,9,10,1,32.1,26.8,79,3,260
2023,9,11,0,32,27.2,80,4,260
2023,9,12,4.5,31.7,25.1,86,2,280
2023,9,13,0,30.9,26.7,81,3,230
2023,9,14,0,31.5,26.4,84,3,260
2023,9,15,0.5,31,26.8,83,2,260
2023,9,16,1.5,35,27.3,76,2,160
2023,9,17,23.5,33.5,23.9,83,2,280
2023,9,18,0,33.7,27,73,2,300
2023,9,19,0,34.5,26.3,74,2,110
2023,9,20,0,35,27.8,75,2,110
2023,9,21,6,33.2,27.3,78,2,280
2023,9,22,12,30.4,25.6,90,1,200
2023,9,23,2.5,28.5,26.3,92,2,260
2023,9,24,0,33.2,27.2,77,1,140
2023,9,25,3.5,32.4,25.9,86,2,220
2023,9,26,15,32.4,22.7,82,3,260
2023,9,27,6.5,31.6,25.7,86,3,260
2023,9,28,41.5,35.3,23.9,77,2,260
2023,9,29,1,32.5,27.4,78,2,280
2023,9,30,0.5,32.1,27.6,85,4,250
2023,10,1,14,31.6,24.9,83,4,260
2023,10,2,25,31.1,25.8,87,5,240
2023,10,3,12,29.6,26.5,87,5,250
2023,10,4,-1,29.7,26.1,87,4,230
2023,10,5,11.5,31.5,24.1,93,3,260
2023,10,6,0,30.1,25.6,83,3,260
2023,10,7,0,31.5,25.8,81,3,290
2023,10,8,2,32,26.3,85,2,280
2023,10,9,2,34.5,26.6,85,2,90
2023,10,10,1,33.2,26,71,2,130
2023,10,11,17.5,32.4,25.3,83,2,210
2023,10,12,2.5,32.4,25.9,84,2,120
2023,10,13,2.5,33.5,25.9,79,2,120
2023,10,14,0.5,32.4,25.5,76,2,130
2023,10,15,0,33.8,27.5,72,3,120
2023,10,16,0,32.4,26.1,76,2,120
2023,10,17,9.5,33.1,26.2,79,2,110
2023,10,18,0.5,33.5,25.9,77,2,120
2023,10,19,1,29.7,25.2,92,1,180
2023,10,20,26.5,32.4,25.3,81,2,20
2023,10,21,-1,28.9,25.6,90,1,80
2023,10,22,1,31.1,25.2,84,2,270
2023,10,23,1,29.4,24.7,87,1,110
2023,10,24,17.5,31.1,24.8,87,1,300
2023,10,25,0,33.1,25.7,77,2,130
2023,10,26,0,33.6,26.4,74,2,130
2023,10,27,4.5,33.8,26,78,2,120
2023,10,28,0,33.8,25.8,73,2,120
2023,10,29,0,33.5,25.4,70,3,110
2023,10,30,0,34.3,26.3,64,3,100
2023,10,31,-1,33.8,26.9,61,4,60
2023,11,1,3.2,29.8,25.5,83,2,50
2023,11,2,3,32.1,26.6,83,2,200
2023,11,3,0,34.5,26.9,73,2,130
2023,11,4,0,34.2,26.6,74,2,130
2023,11,5,0,34.7,26.7,76,2,110
2023,11,6,2,34.8,26.1,73,2,110
2023,11,7,1.5,33,25.6,74,2,120
2023,11,8,0,32.4,27,79,2,120
2023,11,9,0,35,26.3,71,2,110
2023,11,10,0,34.1,26.2,70,3,110
2023,11,11,-1,32.3,26.1,75,2,50
2023,11,12,-1,33.7,26.4,72,3,120
2023,11,13,1.5,32.1,26.1,72,2,120
2023,11,14,-1,34.3,26.1,70,3,90
2023,11,15,1,30,25.1,82,2,70
2023,11,16,0,34.4,25.3,70,3,70
2023,11,17,0,33,25.5,65,3,30
2023,11,18,0,32.4,26.2,65,3,80
2023,11,19,0,32.4,24.1,65,2,100
2023,11,20,0,32.7,24.7,68,2,280
2023,11,21,0,32.2,24.7,67,2,100
2023,11,22,0,32.3,25.7,72,2,140
2023,11,23,1,32.2,26.6,78,2,130
2023,11,24,0.5,33.2,25.6,79,2,120
2023,11,25,2.5,30.3,23.7,86,2,60
2023,11,26,0.5,30.9,24.5,81,2,320
2023,11,27,-1,33.7,26.7,74,2,70
2023,11,28,2,33.4,26.1,75,3,110
2023,11,29,0,34,26.8,71,2,120
2023,11,30,0,34.7,26.8,67,3,80
2023,12,1,-1,33.6,26.6,67,3,90
2023,12,2,0,34.3,25.1,67,3,110
2023,12,3,1.5,30.9,24.9,81,2,100
2023,12,4,0,33.8,26.8,67,3,120
2023,12,5,0,33,26.4,73,2,140
2023,12,6,0,33.8,27.2,72,2,120
2023,12,7,-1,33,25.5,76,3,120
2023,12,8,0,33.5,25.1,70,3,120
2023,12,9,0,33.8,25.3,69,3,110
2023,12,10,0.5,34.6,25.1,76,2,110
2023,12,11,0.5,31.2,25.1,75,2,110
2023,12,12,0,33.4,25.2,69,2,110
2023,12,13,-1,34.1,25.2,68,3,110
2023,12,14,1.5,33,25.6,73,3,70
2023,12,15,11,30.5,24.6,86,2,350
2023,12,16,-1,32,25.3,78,2,110
2023,12,17,0.5,32.9,25.1,62,3,70
2023,12,18,2.5,31.9,25.2,81,2,90
2023,12,19,-1,31.5,26.5,77,2,110
2023,12,20,-1,33.1,26.1,73,2,110
2023,12,21,21.5,30.7,24.2,79,2,130
2023,12,22,1.5,29.2,24,77,3,10
2023,12,23,0,30.7,25.2,72,3,30
2023,12,24,0,31.9,25.4,74,2,120
2023,12,25,0,32.5,25.5,68,3,70
2023,12,26,0.5,30.7,24.9,82,2,130
2023,12,27,5.5,31.8,25.2,80,2,110
2023,12,28,0,32.1,24.7,78,2,110
2023,12,29,0.5,33,25.3,73,2,80
2023,12,30,-1,33.1,25.8,75,2,120
2023,12,31,0,32.8,25.2,72,3,120
